Products,Class,Year,Total_Produced,Scraps_Rejected,id,Machine
X0031000,X003,2017,4281,1833,0,Metal lathe machine
Y0021001,Y002,2017,8113,5091,1,Milling machine
X0011002,X001,2017,5686,4135,2,Milling machine
B0021003,B002,2017,9611,6800,3,Metal lathe machine
X0011004,X001,2017,4221,3867,4,Drill press
X0011005,X001,2017,2888,2451,5,Grinding machine
A0021006,A002,2017,2609,1747,6,Milling machine
B0021007,B002,2017,3332,1168,7,Metal lathe machine
A0031008,A003,2017,9681,7694,8,Drill press
X0011009,X001,2017,310,269,9,Metal lathe machine
X0021010,X002,2017,3190,2686,10,Grinding machine
A0041011,A004,2017,6263,4672,11,Drill press
Y0021012,Y002,2017,2934,2590,12,Grinding machine
A0031013,A003,2017,703,558,13,Milling machine
A0051014,A005,2017,4487,299,14,Grinding machine
B0011015,B001,2017,2679,97,15,Drill press
A0061016,A006,2017,4727,2030,16,Metal lathe machine
A0011017,A001,2017,2164,832,17,Grinding machine
A0051018,A005,2017,1324,1026,18,Metal lathe machine
A0041019,A004,2017,2626,2424,19,Milling machine
A0041020,A004,2017,1703,49,20,Drill press
X0021021,X002,2017,1211,442,21,Grinding machine
Y0011022,Y001,2017,4411,1089,22,Milling machine
A0061023,A006,2017,2163,1407,23,Milling machine
X0011024,X001,2017,3470,1647,24,Grinding machine
A0041025,A004,2017,9948,472,25,Grinding machine
A0051026,A005,2017,5382,2153,26,Drill press
A0061027,A006,2017,8454,3092,27,Milling machine
X0011028,X001,2017,4103,2376,28,Metal lathe machine
X0011029,X001,2017,3716,548,29,Drill press
A0051030,A005,2017,5672,5066,30,Metal lathe machine
B0011031,B001,2017,3810,786,31,Grinding machine
X0021032,X002,2017,663,100,32,Grinding machine
A0041033,A004,2017,7660,6875,33,Grinding machine
X0031034,X003,2017,5097,2335,34,Grinding machine
X0031035,X003,2017,8028,3952,35,Grinding machine
X0011036,X001,2017,6623,2703,36,Metal lathe machine
A0061037,A006,2017,5679,2634,37,Metal lathe machine
A0011038,A001,2017,8287,1337,38,Metal lathe machine
A0021039,A002,2017,3906,771,39,Metal lathe machine
A0011040,A001,2017,2635,1651,40,Drill press
A0021041,A002,2017,2451,285,41,Metal lathe machine
A0041042,A004,2017,8442,1597,42,Metal lathe machine
B0021043,B002,2017,6503,2134,43,Milling machine
A0041044,A004,2017,171,157,44,Drill press
A0061045,A006,2017,5834,2323,45,Grinding machine
A0061046,A006,2017,8313,573,46,Grinding machine
A0061047,A006,2017,9029,1789,47,Grinding machine
A0051048,A005,2017,6712,5027,48,Drill press
A0051049,A005,2017,4293,3359,49,Milling machine
A0051050,A005,2017,5667,2229,50,Metal lathe machine
X0011051,X001,2017,8274,8131,51,Grinding machine
A0011052,A001,2017,3118,932,52,Metal lathe machine
A0061053,A006,2017,3735,440,53,Grinding machine
X0021054,X002,2017,1241,142,54,Grinding machine
A0021055,A002,2017,5283,3184,55,Grinding machine
A0031056,A003,2017,2878,1517,56,Drill press
Y0011057,Y001,2017,5178,913,57,Milling machine
A0061058,A006,2017,527,248,58,Grinding machine
B0011059,B001,2017,8223,3451,59,Metal lathe machine
X0011060,X001,2017,3143,1964,60,Milling machine
Y0021061,Y002,2017,7042,645,61,Metal lathe machine
A0031062,A003,2017,2005,1644,62,Metal lathe machine
X0031063,X003,2017,3881,1290,63,Drill press
X0021064,X002,2017,9716,7002,64,Metal lathe machine
Y0021065,Y002,2017,7291,7174,65,Milling machine
B0011066,B001,2017,4001,828,66,Metal lathe machine
A0031067,A003,2017,3803,3578,67,Milling machine
A0021068,A002,2017,4567,4199,68,Grinding machine
X0011069,X001,2017,7382,620,69,Metal lathe machine
A0021070,A002,2017,3163,2968,70,Grinding machine
A0061071,A006,2017,7090,5372,71,Metal lathe machine
X0021072,X002,2017,3377,2621,72,Milling machine
B0021073,B002,2017,7744,5803,73,Milling machine
X0021074,X002,2017,3379,1867,74,Drill press
A0051075,A005,2017,3325,2565,75,Grinding machine
X0011076,X001,2017,9930,2843,76,Metal lathe machine
A0011077,A001,2017,3877,1064,77,Drill press
A0061078,A006,2017,3976,2559,78,Metal lathe machine
A0021079,A002,2017,6691,6557,79,Metal lathe machine
A0051080,A005,2017,2001,1101,80,Metal lathe machine
X0021081,X002,2017,7201,4251,81,Grinding machine
A0021082,A002,2017,7957,7254,82,Metal lathe machine
A0011083,A001,2017,826,511,83,Metal lathe machine
A0041084,A004,2017,1178,728,84,Milling machine
Y0021085,Y002,2017,1541,292,85,Metal lathe machine
Y0011086,Y001,2017,8114,2325,86,Milling machine
A0061087,A006,2017,8977,419,87,Grinding machine
Y0011088,Y001,2017,8855,405,88,Drill press
B0011089,B001,2017,5196,1866,89,Drill press
X0011090,X001,2017,243,16,90,Milling machine
Y0011091,Y001,2017,6377,5963,91,Drill press
X0021092,X002,2017,4371,2808,92,Drill press
B0011093,B001,2017,3942,2495,93,Metal lathe machine
A0041094,A004,2017,220,183,94,Grinding machine
X0021095,X002,2017,4132,2467,95,Grinding machine
Y0021096,Y002,2017,1853,1286,96,Drill press
Y0021097,Y002,2017,6401,3837,97,Metal lathe machine
A0021098,A002,2017,6677,988,98,Metal lathe machine
X0021099,X002,2017,166,137,99,Milling machine
A0041100,A004,2017,429,171,100,Metal lathe machine
A0041101,A004,2017,2072,654,101,Grinding machine
A0021102,A002,2017,1722,1132,102,Grinding machine
A0021103,A002,2017,2216,1274,103,Grinding machine
X0031104,X003,2017,2447,1785,104,Grinding machine
X0011105,X001,2017,7913,3902,105,Drill press
A0041106,A004,2017,2170,122,106,Metal lathe machine
A0041107,A004,2017,53,46,107,Milling machine
X0031108,X003,2017,2924,2125,108,Grinding machine
X0021109,X002,2017,7618,2065,109,Metal lathe machine
A0051110,A005,2017,138,36,110,Grinding machine
X0011111,X001,2017,6958,3000,111,Milling machine
A0031112,A003,2017,1318,111,112,Milling machine
A0061113,A006,2017,5585,3151,113,Metal lathe machine
A0031114,A003,2017,6949,15,114,Metal lathe machine
X0021115,X002,2017,9744,3556,115,Metal lathe machine
A0061116,A006,2017,8499,1274,116,Metal lathe machine
B0021117,B002,2017,399,353,117,Drill press
A0061118,A006,2017,9680,7048,118,Drill press
X0011119,X001,2017,1261,1028,119,Drill press
X0021120,X002,2017,418,326,120,Metal lathe machine
A0041121,A004,2017,7399,4392,121,Grinding machine
X0031122,X003,2017,1944,1849,122,Milling machine
X0021123,X002,2017,787,108,123,Drill press
A0031124,A003,2017,6109,2498,124,Grinding machine
Y0021125,Y002,2017,7162,5652,125,Grinding machine
A0051126,A005,2017,5759,1234,126,Metal lathe machine
A0031127,A003,2017,8839,6749,127,Grinding machine
Y0011128,Y001,2017,9392,7614,128,Metal lathe machine
X0011129,X001,2017,4338,3623,129,Metal lathe machine
B0021130,B002,2017,6411,5693,130,Grinding machine
X0021131,X002,2017,6553,2847,131,Milling machine
A0041132,A004,2017,2453,2182,132,Drill press
X0031133,X003,2017,1141,194,133,Milling machine
Y0011134,Y001,2017,6779,5150,134,Drill press
A0011135,A001,2017,510,187,135,Grinding machine
A0061136,A006,2017,7053,767,136,Metal lathe machine
Y0021137,Y002,2017,2750,936,137,Metal lathe machine
A0051138,A005,2017,3100,421,138,Drill press
A0031139,A003,2017,4798,2976,139,Drill press
A0041140,A004,2017,7663,5041,140,Drill press
B0011141,B001,2017,3422,2571,141,Milling machine
B0011142,B001,2017,7361,3299,142,Metal lathe machine
A0061143,A006,2017,1632,1183,143,Grinding machine
A0011144,A001,2017,5463,4389,144,Metal lathe machine
B0021145,B002,2017,5684,1996,145,Drill press
X0031146,X003,2017,3481,1049,146,Grinding machine
A0051147,A005,2017,7686,5390,147,Metal lathe machine
X0021148,X002,2017,331,278,148,Drill press
Y0021149,Y002,2017,828,305,149,Drill press
A0051150,A005,2017,7186,5804,150,Grinding machine
A0031151,A003,2017,3523,81,151,Grinding machine
A0041152,A004,2017,3842,786,152,Grinding machine
B0011153,B001,2017,9869,3909,153,Metal lathe machine
X0021154,X002,2017,9737,1414,154,Metal lathe machine
X0011155,X001,2017,6431,4035,155,Milling machine
A0011156,A001,2017,106,16,156,Drill press
B0021157,B002,2017,9830,129,157,Metal lathe machine
A0021158,A002,2017,626,412,158,Grinding machine
X0021159,X002,2017,3352,2214,159,Milling machine
B0021160,B002,2017,5102,3495,160,Metal lathe machine
X0021161,X002,2017,4595,4181,161,Grinding machine
A0051162,A005,2017,6615,4565,162,Grinding machine
Y0011163,Y001,2017,2153,1789,163,Grinding machine
Y0011164,Y001,2017,5673,2559,164,Metal lathe machine
A0011165,A001,2017,5862,382,165,Grinding machine
A0011166,A001,2017,2362,834,166,Grinding machine
X0021167,X002,2017,3273,236,167,Grinding machine
A0041168,A004,2017,8220,641,168,Drill press
A0031169,A003,2017,265,251,169,Drill press
X0021170,X002,2017,3841,620,170,Metal lathe machine
A0021171,A002,2017,9851,2578,171,Milling machine
A0021172,A002,2017,1475,194,172,Grinding machine
A0011173,A001,2017,5115,3599,173,Metal lathe machine
X0031174,X003,2017,1384,1276,174,Grinding machine
X0021175,X002,2017,3454,1722,175,Milling machine
X0031176,X003,2017,3556,3157,176,Metal lathe machine
X0021177,X002,2017,3235,944,177,Metal lathe machine
X0011178,X001,2017,4989,1600,178,Drill press
B0021179,B002,2017,4837,779,179,Metal lathe machine
A0011180,A001,2017,7201,6817,180,Grinding machine
Y0021181,Y002,2017,7684,4983,181,Drill press
X0031182,X003,2017,8467,6596,182,Milling machine
X0021183,X002,2017,631,432,183,Milling machine
A0051184,A005,2017,2100,275,184,Milling machine
A0011185,A001,2017,7508,6747,185,Drill press
Y0011186,Y001,2017,4147,414,186,Grinding machine
A0041187,A004,2017,3804,3556,187,Metal lathe machine
A0031188,A003,2017,5521,4042,188,Milling machine
B0011189,B001,2017,1743,983,189,Milling machine
A0041190,A004,2017,3142,2456,190,Milling machine
B0021191,B002,2017,5945,2629,191,Drill press
A0041192,A004,2017,4356,2004,192,Milling machine
Y0011193,Y001,2017,6162,5545,193,Milling machine
B0021194,B002,2017,7013,4147,194,Grinding machine
A0051195,A005,2017,6490,2947,195,Drill press
A0011196,A001,2017,2699,141,196,Drill press
Y0011197,Y001,2017,5237,3964,197,Grinding machine
A0021198,A002,2017,2196,4,198,Milling machine
X0011199,X001,2017,1548,883,199,Drill press
X0031200,X003,2017,2985,1807,200,Metal lathe machine
B0011201,B001,2017,2877,2755,201,Drill press
X0011202,X001,2017,80,39,202,Grinding machine
X0011203,X001,2017,8429,5948,203,Milling machine
X0031204,X003,2017,6297,4866,204,Grinding machine
B0021205,B002,2017,164,36,205,Drill press
A0011206,A001,2017,3570,1628,206,Drill press
B0021207,B002,2017,3054,571,207,Grinding machine
B0021208,B002,2017,9555,5406,208,Grinding machine
A0061209,A006,2017,7198,2606,209,Drill press
B0011210,B001,2017,1988,948,210,Milling machine
B0021211,B002,2017,2120,420,211,Grinding machine
B0011212,B001,2017,8075,3908,212,Metal lathe machine
X0021213,X002,2017,2976,2585,213,Drill press
A0051214,A005,2017,4193,3074,214,Grinding machine
A0041215,A004,2017,145,95,215,Grinding machine
Y0021216,Y002,2017,3547,1139,216,Grinding machine
A0031217,A003,2017,3870,1563,217,Drill press
Y0021218,Y002,2017,7854,1551,218,Milling machine
Y0021219,Y002,2017,3229,1075,219,Grinding machine
X0021220,X002,2017,2332,1069,220,Milling machine
X0021221,X002,2017,293,170,221,Milling machine
A0031222,A003,2017,4799,512,222,Drill press
X0011223,X001,2017,3924,981,223,Drill press
A0061224,A006,2017,8669,4161,224,Drill press
A0041225,A004,2017,9761,8206,225,Milling machine
Y0021226,Y002,2017,6746,3811,226,Milling machine
A0011227,A001,2017,7299,1710,227,Drill press
A0031228,A003,2017,9993,8769,228,Metal lathe machine
A0031229,A003,2017,4775,55,229,Milling machine
X0021230,X002,2017,4665,4395,230,Metal lathe machine
A0031231,A003,2017,2256,1169,231,Drill press
A0061232,A006,2017,1637,446,232,Drill press
X0031233,X003,2017,1935,767,233,Milling machine
X0011234,X001,2017,1148,1106,234,Milling machine
A0061235,A006,2017,3817,3254,235,Metal lathe machine
X0021236,X002,2017,8668,5488,236,Milling machine
A0031237,A003,2017,2486,2218,237,Milling machine
B0011238,B001,2017,2612,349,238,Grinding machine
A0021239,A002,2017,391,295,239,Metal lathe machine
A0031240,A003,2017,7494,3475,240,Drill press
A0021241,A002,2017,563,268,241,Grinding machine
A0021242,A002,2017,4654,4496,242,Grinding machine
Y0011243,Y001,2017,2763,155,243,Drill press
A0011244,A001,2017,5390,3306,244,Milling machine
A0041245,A004,2017,9464,8335,245,Milling machine
A0031246,A003,2017,175,67,246,Metal lathe machine
A0051247,A005,2017,9640,671,247,Drill press
A0031248,A003,2017,5661,3922,248,Drill press
A0031249,A003,2017,1008,444,249,Grinding machine
X0031250,X003,2017,705,220,250,Metal lathe machine
B0011251,B001,2017,9491,6825,251,Drill press
Y0021252,Y002,2017,6175,4853,252,Drill press
Y0021253,Y002,2017,1776,1046,253,Grinding machine
A0011254,A001,2017,3165,1102,254,Milling machine
Y0021255,Y002,2017,9007,3140,255,Grinding machine
X0021256,X002,2017,6736,2180,256,Drill press
A0011257,A001,2017,2509,1489,257,Milling machine
A0021258,A002,2017,3847,1063,258,Milling machine
X0031259,X003,2017,6880,965,259,Metal lathe machine
A0031260,A003,2017,557,481,260,Grinding machine
X0031261,X003,2017,5340,3605,261,Grinding machine
A0031262,A003,2017,8253,2527,262,Drill press
Y0021263,Y002,2017,8638,264,263,Metal lathe machine
A0051264,A005,2017,3268,3053,264,Milling machine
X0011265,X001,2017,7316,7168,265,Milling machine
Y0021266,Y002,2017,7075,5027,266,Grinding machine
Y0011267,Y001,2017,6470,3213,267,Grinding machine
A0031268,A003,2017,5400,2472,268,Grinding machine
X0011269,X001,2017,2148,1307,269,Milling machine
Y0011270,Y001,2017,2929,2165,270,Milling machine
A0021271,A002,2017,104,34,271,Grinding machine
A0021272,A002,2017,843,392,272,Grinding machine
A0011273,A001,2017,8604,1480,273,Milling machine
A0051274,A005,2017,8843,6673,274,Metal lathe machine
X0021275,X002,2017,3361,505,275,Metal lathe machine
X0011276,X001,2017,5604,3880,276,Milling machine
X0011277,X001,2017,6343,6290,277,Grinding machine
A0051278,A005,2017,7602,6060,278,Grinding machine
A0041279,A004,2017,6423,1727,279,Metal lathe machine
X0011280,X001,2017,8773,8339,280,Milling machine
A0021281,A002,2017,8810,4654,281,Drill press
A0051282,A005,2017,1261,956,282,Drill press
A0041283,A004,2017,5545,138,283,Drill press
A0051284,A005,2017,6543,4617,284,Metal lathe machine
A0011285,A001,2017,9916,4952,285,Metal lathe machine
X0011286,X001,2017,9084,8260,286,Drill press
B0021287,B002,2017,1976,1917,287,Grinding machine
X0021288,X002,2017,1936,1016,288,Grinding machine
B0011289,B001,2017,4885,1654,289,Grinding machine
X0031290,X003,2017,8256,2351,290,Drill press
X0021291,X002,2017,7639,4345,291,Metal lathe machine
A0011292,A001,2017,386,62,292,Milling machine
X0021293,X002,2017,6814,5264,293,Grinding machine
A0021294,A002,2017,7199,811,294,Grinding machine
Y0021295,Y002,2017,6713,1877,295,Milling machine
X0031296,X003,2017,9093,1742,296,Milling machine
A0041297,A004,2017,8866,4271,297,Grinding machine
Y0011298,Y001,2017,9482,7187,298,Drill press
A0031299,A003,2017,5087,1769,299,Drill press
X0011300,X001,2017,9506,9044,300,Grinding machine
Y0021301,Y002,2017,3914,2677,301,Metal lathe machine
X0031302,X003,2017,6129,5549,302,Drill press
A0041303,A004,2017,1859,1627,303,Metal lathe machine
A0041304,A004,2017,2302,599,304,Drill press
Y0021305,Y002,2017,4859,4580,305,Drill press
A0021306,A002,2017,6057,369,306,Drill press
A0031307,A003,2017,5205,2768,307,Drill press
B0021308,B002,2017,4830,2598,308,Metal lathe machine
X0021309,X002,2017,5337,3783,309,Drill press
B0021310,B002,2017,727,274,310,Metal lathe machine
A0031311,A003,2017,4225,1934,311,Grinding machine
A0061312,A006,2017,6783,5768,312,Milling machine
X0011313,X001,2017,8327,6012,313,Milling machine
X0031314,X003,2017,9239,6042,314,Grinding machine
A0051315,A005,2017,6476,2453,315,Milling machine
B0021316,B002,2017,7885,4851,316,Metal lathe machine
X0011317,X001,2017,9824,1681,317,Metal lathe machine
Y0021318,Y002,2017,3475,749,318,Milling machine
B0021319,B002,2017,4452,2456,319,Milling machine
B0011320,B001,2017,489,478,320,Grinding machine
A0031321,A003,2017,8049,1094,321,Grinding machine
Y0011322,Y001,2017,3373,2096,322,Milling machine
B0011323,B001,2017,2116,1168,323,Grinding machine
Y0011324,Y001,2017,4729,3701,324,Drill press
A0051325,A005,2017,3343,48,325,Milling machine
B0021326,B002,2017,591,554,326,Metal lathe machine
A0021327,A002,2017,1785,868,327,Metal lathe machine
Y0011328,Y001,2017,4545,1860,328,Milling machine
B0021329,B002,2017,4981,3045,329,Metal lathe machine
A0021330,A002,2017,9085,3643,330,Milling machine
A0051331,A005,2017,6314,5384,331,Milling machine
A0051332,A005,2017,3329,1343,332,Milling machine
A0011333,A001,2017,1593,203,333,Metal lathe machine
A0021334,A002,2017,1269,1105,334,Milling machine
Y0021335,Y002,2017,1714,1656,335,Milling machine
A0021336,A002,2017,3476,3354,336,Grinding machine
X0011337,X001,2017,3343,1888,337,Metal lathe machine
X0021338,X002,2017,4948,4915,338,Drill press
X0031339,X003,2017,5573,520,339,Milling machine
A0021340,A002,2017,3665,953,340,Metal lathe machine
B0021341,B002,2017,7420,3751,341,Drill press
Y0011342,Y001,2017,9597,4292,342,Drill press
X0011343,X001,2017,4514,3197,343,Grinding machine
A0051344,A005,2017,6281,4078,344,Metal lathe machine
Y0021345,Y002,2017,9696,8192,345,Milling machine
A0021346,A002,2017,3184,2115,346,Milling machine
A0041347,A004,2017,1004,171,347,Grinding machine
X0021348,X002,2017,4546,344,348,Milling machine
A0051349,A005,2017,9047,5649,349,Drill press
A0021350,A002,2017,7189,1533,350,Grinding machine
X0011351,X001,2017,2277,946,351,Milling machine
A0021352,A002,2017,4512,1180,352,Grinding machine
Y0021353,Y002,2017,2274,1521,353,Drill press
A0041354,A004,2017,9407,5634,354,Milling machine
B0021355,B002,2017,2324,1032,355,Drill press
X0011356,X001,2017,9676,4290,356,Milling machine
X0011357,X001,2017,7002,6602,357,Grinding machine
B0011358,B001,2017,8246,4903,358,Drill press
X0011359,X001,2017,7288,6026,359,Drill press
A0031360,A003,2017,4978,4213,360,Drill press
A0061361,A006,2017,2812,1421,361,Metal lathe machine
A0041362,A004,2017,9111,2930,362,Milling machine
A0021363,A002,2017,191,86,363,Drill press
Y0021364,Y002,2017,7960,2828,364,Drill press
Y0021365,Y002,2017,6480,2399,365,Milling machine
A0021366,A002,2017,4595,1757,366,Milling machine
A0021367,A002,2017,8137,2016,367,Drill press
X0011368,X001,2017,31,28,368,Metal lathe machine
A0061369,A006,2017,5673,3971,369,Grinding machine
B0011370,B001,2017,8402,2898,370,Metal lathe machine
A0031371,A003,2017,4303,315,371,Metal lathe machine
A0041372,A004,2017,2326,1306,372,Drill press
A0051373,A005,2017,2731,1904,373,Grinding machine
A0051374,A005,2017,1168,388,374,Metal lathe machine
Y0011375,Y001,2017,2438,545,375,Milling machine
B0021376,B002,2017,5105,4874,376,Metal lathe machine
X0011377,X001,2017,3602,557,377,Milling machine
A0011378,A001,2017,9263,7607,378,Drill press
A0021379,A002,2017,9443,5841,379,Drill press
B0011380,B001,2017,5011,4883,380,Drill press
X0021381,X002,2017,8576,6054,381,Metal lathe machine
A0031382,A003,2017,6609,782,382,Drill press
X0031383,X003,2017,1511,1354,383,Milling machine
A0061384,A006,2017,248,119,384,Drill press
B0011385,B001,2017,4039,3232,385,Metal lathe machine
X0011386,X001,2017,952,945,386,Grinding machine
B0021387,B002,2017,6448,4365,387,Metal lathe machine
A0041388,A004,2017,1280,383,388,Drill press
A0051389,A005,2017,9630,8178,389,Milling machine
A0031390,A003,2017,1682,1609,390,Grinding machine
Y0021391,Y002,2017,2664,2639,391,Milling machine
B0021392,B002,2017,4110,3035,392,Drill press
A0041393,A004,2017,9017,6249,393,Grinding machine
A0061394,A006,2017,865,765,394,Grinding machine
A0021395,A002,2017,775,442,395,Drill press
B0021396,B002,2017,2874,1608,396,Milling machine
Y0011397,Y001,2017,6430,2545,397,Drill press
Y0021398,Y002,2017,8058,3469,398,Grinding machine
A0041399,A004,2017,742,568,399,Metal lathe machine
X0021400,X002,2017,2114,1167,400,Drill press
A0051401,A005,2017,9916,9554,401,Grinding machine
X0031402,X003,2017,424,289,402,Metal lathe machine
A0041403,A004,2017,141,4,403,Metal lathe machine
A0061404,A006,2017,1787,563,404,Drill press
Y0011405,Y001,2017,9006,1533,405,Metal lathe machine
A0011406,A001,2017,1028,460,406,Metal lathe machine
X0031407,X003,2017,3407,1048,407,Grinding machine
B0021408,B002,2017,1259,521,408,Drill press
A0021409,A002,2017,9201,2395,409,Drill press
A0011410,A001,2017,1941,930,410,Drill press
A0031411,A003,2017,5934,5046,411,Metal lathe machine
A0041412,A004,2017,8650,7459,412,Drill press
X0011413,X001,2017,8026,3974,413,Metal lathe machine
A0061414,A006,2017,2609,713,414,Metal lathe machine
X0011415,X001,2017,7080,751,415,Grinding machine
A0041416,A004,2017,3032,2761,416,Grinding machine
B0021417,B002,2017,4268,1565,417,Metal lathe machine
A0061418,A006,2017,2857,2225,418,Drill press
X0011419,X001,2017,4415,4389,419,Metal lathe machine
B0021420,B002,2017,7024,5931,420,Milling machine
X0011421,X001,2017,7170,3781,421,Metal lathe machine
Y0021422,Y002,2017,8606,1521,422,Drill press
Y0021423,Y002,2017,6269,2598,423,Grinding machine
X0011424,X001,2017,7862,858,424,Milling machine
A0011425,A001,2017,6284,1020,425,Drill press
A0031426,A003,2017,7798,6387,426,Grinding machine
B0011427,B001,2017,5924,104,427,Metal lathe machine
B0021428,B002,2017,9091,6857,428,Drill press
A0041429,A004,2017,6881,3996,429,Drill press
X0021430,X002,2017,1299,865,430,Metal lathe machine
Y0021431,Y002,2017,3239,2472,431,Grinding machine
Y0021432,Y002,2017,4940,2633,432,Drill press
A0061433,A006,2017,9031,918,433,Grinding machine
A0031434,A003,2017,1688,652,434,Drill press
A0041435,A004,2017,1749,14,435,Grinding machine
Y0021436,Y002,2017,4185,2757,436,Metal lathe machine
A0041437,A004,2017,2743,544,437,Metal lathe machine
A0031438,A003,2017,8565,7231,438,Metal lathe machine
X0021439,X002,2017,4426,1674,439,Drill press
B0011440,B001,2017,9019,251,440,Drill press
B0011441,B001,2017,22,9,441,Drill press
A0021442,A002,2017,9516,8963,442,Grinding machine
B0011443,B001,2017,3165,2790,443,Drill press
Y0021444,Y002,2017,883,20,444,Milling machine
A0051445,A005,2017,7582,2794,445,Metal lathe machine
A0011446,A001,2017,5218,4304,446,Grinding machine
A0041447,A004,2017,7969,4368,447,Milling machine
A0021448,A002,2017,4122,628,448,Milling machine
A0021449,A002,2017,1829,790,449,Grinding machine
Y0021450,Y002,2017,3242,373,450,Metal lathe machine
A0051451,A005,2017,1128,402,451,Metal lathe machine
A0021452,A002,2017,8417,6731,452,Grinding machine
A0021453,A002,2017,5512,4411,453,Drill press
X0011454,X001,2017,5339,3400,454,Metal lathe machine
A0051455,A005,2017,3701,3648,455,Drill press
A0011456,A001,2017,2792,2264,456,Grinding machine
A0061457,A006,2017,3781,1947,457,Grinding machine
X0011458,X001,2017,5801,3307,458,Metal lathe machine
A0041459,A004,2017,4147,1140,459,Metal lathe machine
B0011460,B001,2017,4768,1983,460,Metal lathe machine
X0011461,X001,2017,997,931,461,Drill press
X0031462,X003,2017,3415,309,462,Grinding machine
B0021463,B002,2017,1969,352,463,Metal lathe machine
X0021464,X002,2017,9610,7305,464,Milling machine
Y0011465,Y001,2017,9754,2803,465,Grinding machine
A0061466,A006,2017,1491,1069,466,Metal lathe machine
A0061467,A006,2017,3336,1068,467,Drill press
B0011468,B001,2017,1383,419,468,Metal lathe machine
A0051469,A005,2017,2923,183,469,Metal lathe machine
Y0011470,Y001,2017,6163,1990,470,Drill press
A0021471,A002,2017,9085,7848,471,Grinding machine
A0021472,A002,2017,9023,7931,472,Grinding machine
A0021473,A002,2017,9252,7263,473,Milling machine
A0041474,A004,2017,5939,4839,474,Drill press
B0011475,B001,2017,444,146,475,Metal lathe machine
Y0021476,Y002,2017,6866,4020,476,Grinding machine
Y0011477,Y001,2017,2043,1338,477,Milling machine
X0031478,X003,2017,5971,739,478,Milling machine
X0031479,X003,2017,2908,2822,479,Metal lathe machine
B0011480,B001,2017,7962,6300,480,Drill press
Y0021481,Y002,2017,1622,636,481,Grinding machine
A0011482,A001,2017,2075,560,482,Drill press
A0011483,A001,2017,3727,3120,483,Drill press
Y0011484,Y001,2017,9366,8830,484,Metal lathe machine
A0021485,A002,2017,2734,592,485,Drill press
A0011486,A001,2017,4839,908,486,Milling machine
A0011487,A001,2017,8054,493,487,Milling machine
A0011488,A001,2017,4168,1575,488,Metal lathe machine
X0011489,X001,2017,7967,1476,489,Grinding machine
X0021490,X002,2017,5544,836,490,Metal lathe machine
A0031491,A003,2017,4971,3536,491,Drill press
Y0011492,Y001,2017,7308,3312,492,Grinding machine
Y0021493,Y002,2017,8818,157,493,Grinding machine
X0031494,X003,2017,2300,1135,494,Grinding machine
B0011495,B001,2017,7532,5977,495,Metal lathe machine
Y0011496,Y001,2017,3066,2526,496,Drill press
B0021497,B002,2017,5904,409,497,Metal lathe machine
B0011498,B001,2017,3027,1542,498,Drill press
A0011499,A001,2017,1229,576,499,Metal lathe machine
X0021500,X002,2017,8094,7743,500,Grinding machine
X0031501,X003,2017,2433,1052,501,Grinding machine
A0011502,A001,2017,4213,2699,502,Metal lathe machine
X0031503,X003,2017,1440,161,503,Milling machine
A0021504,A002,2017,5167,2706,504,Milling machine
X0011505,X001,2017,2377,2043,505,Milling machine
X0021506,X002,2017,7501,2171,506,Metal lathe machine
B0011507,B001,2017,6152,3057,507,Metal lathe machine
A0011508,A001,2017,3274,2634,508,Grinding machine
Y0011509,Y001,2017,8470,7926,509,Milling machine
A0061510,A006,2017,3799,1364,510,Drill press
A0021511,A002,2017,3520,334,511,Grinding machine
A0051512,A005,2017,7156,287,512,Metal lathe machine
X0021513,X002,2017,5604,5477,513,Milling machine
A0051514,A005,2017,3883,1586,514,Milling machine
X0011515,X001,2017,6874,3725,515,Milling machine
X0021516,X002,2017,2752,1678,516,Metal lathe machine
B0011517,B001,2017,6627,3519,517,Grinding machine
A0031518,A003,2017,2978,1821,518,Drill press
B0011519,B001,2017,9723,7907,519,Drill press
B0021520,B002,2017,1430,1087,520,Metal lathe machine
X0021521,X002,2017,2685,2192,521,Drill press
A0041522,A004,2017,3383,1278,522,Metal lathe machine
A0031523,A003,2017,3187,112,523,Drill press
X0011524,X001,2017,6325,4063,524,Metal lathe machine
A0011525,A001,2017,9567,2147,525,Grinding machine
A0021526,A002,2017,653,646,526,Drill press
X0021527,X002,2017,1062,260,527,Grinding machine
Y0011528,Y001,2017,1669,358,528,Grinding machine
A0021529,A002,2017,6330,1143,529,Drill press
A0031530,A003,2017,785,65,530,Grinding machine
A0041531,A004,2017,6777,928,531,Metal lathe machine
Y0021532,Y002,2017,4951,905,532,Milling machine
Y0021533,Y002,2017,2332,404,533,Metal lathe machine
Y0021534,Y002,2017,7502,6751,534,Metal lathe machine
Y0011535,Y001,2017,3269,718,535,Drill press
A0011536,A001,2017,717,528,536,Grinding machine
X0021537,X002,2017,8224,2334,537,Milling machine
A0061538,A006,2017,7177,1748,538,Drill press
X0031539,X003,2017,4857,858,539,Metal lathe machine
A0051540,A005,2017,625,90,540,Milling machine
X0021541,X002,2017,1558,298,541,Drill press
Y0021542,Y002,2017,7927,6414,542,Milling machine
A0031543,A003,2017,328,267,543,Milling machine
A0011544,A001,2017,2274,1160,544,Metal lathe machine
A0041545,A004,2017,7396,1943,545,Metal lathe machine
Y0011546,Y001,2017,2310,1697,546,Metal lathe machine
A0051547,A005,2017,9431,7284,547,Grinding machine
A0051548,A005,2017,926,675,548,Grinding machine
X0021549,X002,2017,9449,1991,549,Metal lathe machine
A0051550,A005,2017,2650,573,550,Metal lathe machine
A0031551,A003,2017,3717,710,551,Drill press
X0011552,X001,2017,295,38,552,Drill press
X0011553,X001,2017,739,561,553,Milling machine
X0011554,X001,2017,9290,40,554,Grinding machine
B0011555,B001,2017,7481,2010,555,Milling machine
Y0021556,Y002,2017,994,242,556,Metal lathe machine
Y0021557,Y002,2017,7301,3221,557,Drill press
X0021558,X002,2017,7306,419,558,Drill press
A0041559,A004,2017,2283,327,559,Grinding machine
X0031560,X003,2017,6827,5720,560,Grinding machine
X0011561,X001,2017,5668,428,561,Drill press
A0041562,A004,2017,3356,2951,562,Grinding machine
A0051563,A005,2017,9951,5507,563,Milling machine
A0021564,A002,2017,4080,553,564,Grinding machine
A0011565,A001,2017,919,76,565,Grinding machine
A0011566,A001,2017,7996,7135,566,Drill press
Y0021567,Y002,2017,3810,3526,567,Grinding machine
Y0021568,Y002,2017,9190,5019,568,Drill press
A0061569,A006,2017,2575,2235,569,Grinding machine
Y0021570,Y002,2017,6996,4072,570,Drill press
X0031571,X003,2017,5676,3005,571,Milling machine
B0011572,B001,2017,9953,5984,572,Milling machine
A0021573,A002,2017,4864,719,573,Metal lathe machine
A0021574,A002,2017,9804,4035,574,Metal lathe machine
A0011575,A001,2017,7451,4196,575,Grinding machine
B0011576,B001,2017,8199,3968,576,Milling machine
A0031577,A003,2017,9466,6163,577,Drill press
Y0021578,Y002,2017,499,409,578,Metal lathe machine
X0021579,X002,2017,676,27,579,Metal lathe machine
B0021580,B002,2017,4562,729,580,Metal lathe machine
A0061581,A006,2017,1670,916,581,Milling machine
A0011582,A001,2017,9659,9018,582,Grinding machine
B0011583,B001,2017,4022,2525,583,Metal lathe machine
A0061584,A006,2017,199,155,584,Drill press
A0061585,A006,2017,1012,466,585,Metal lathe machine
A0051586,A005,2017,4081,3611,586,Metal lathe machine
B0021587,B002,2017,3657,3620,587,Milling machine
X0011588,X001,2017,2885,1634,588,Drill press
X0011589,X001,2017,1349,353,589,Milling machine
A0011590,A001,2017,7103,935,590,Drill press
Y0011591,Y001,2017,6166,4857,591,Milling machine
A0051592,A005,2017,1768,962,592,Grinding machine
X0021593,X002,2017,2341,1950,593,Drill press
X0021594,X002,2017,7728,551,594,Milling machine
Y0011595,Y001,2017,2452,1209,595,Milling machine
A0051596,A005,2017,5969,3976,596,Drill press
B0011597,B001,2017,7133,5413,597,Metal lathe machine
Y0021598,Y002,2017,1833,841,598,Metal lathe machine
X0011599,X001,2017,5573,16,599,Grinding machine
X0021000,X002,2018,8066,7296,600,Grinding machine
A0021001,A002,2018,1167,573,601,Drill press
B0021002,B002,2018,8621,2735,602,Milling machine
A0051003,A005,2018,8679,6695,603,Drill press
Y0011004,Y001,2018,3936,3700,604,Milling machine
B0011005,B001,2018,1830,543,605,Metal lathe machine
X0031006,X003,2018,628,58,606,Drill press
B0021007,B002,2018,5251,2435,607,Milling machine
A0031008,A003,2018,7518,216,608,Metal lathe machine
X0011009,X001,2018,4041,473,609,Drill press
A0041010,A004,2018,4675,4207,610,Drill press
B0021011,B002,2018,1307,706,611,Grinding machine
B0011012,B001,2018,501,146,612,Grinding machine
B0011013,B001,2018,9963,9024,613,Milling machine
Y0011014,Y001,2018,6573,3223,614,Drill press
X0021015,X002,2018,55,44,615,Grinding machine
X0021016,X002,2018,3734,2388,616,Milling machine
B0021017,B002,2018,6420,6270,617,Drill press
Y0011018,Y001,2018,9882,2925,618,Metal lathe machine
A0011019,A001,2018,2684,2180,619,Milling machine
A0051020,A005,2018,6228,889,620,Metal lathe machine
A0051021,A005,2018,4115,3087,621,Metal lathe machine
A0011022,A001,2018,2441,738,622,Grinding machine
A0041023,A004,2018,3489,1336,623,Milling machine
X0031024,X003,2018,5310,4243,624,Milling machine
A0021025,A002,2018,6751,1722,625,Drill press
A0021026,A002,2018,7444,1727,626,Milling machine
Y0011027,Y001,2018,353,140,627,Metal lathe machine
A0021028,A002,2018,8570,4820,628,Grinding machine
A0041029,A004,2018,4203,2994,629,Milling machine
A0021030,A002,2018,642,103,630,Milling machine
X0011031,X001,2018,2590,209,631,Drill press
Y0021032,Y002,2018,6527,711,632,Drill press
A0011033,A001,2018,9984,7958,633,Grinding machine
B0021034,B002,2018,1127,221,634,Grinding machine
A0011035,A001,2018,730,216,635,Drill press
B0021036,B002,2018,2825,2640,636,Grinding machine
Y0021037,Y002,2018,3463,3100,637,Metal lathe machine
A0051038,A005,2018,2089,186,638,Drill press
A0041039,A004,2018,5728,1829,639,Metal lathe machine
Y0021040,Y002,2018,4518,1726,640,Grinding machine
X0021041,X002,2018,9893,3706,641,Grinding machine
X0021042,X002,2018,1925,145,642,Milling machine
B0011043,B001,2018,2297,1318,643,Drill press
A0021044,A002,2018,6437,288,644,Metal lathe machine
A0041045,A004,2018,4700,419,645,Grinding machine
Y0011046,Y001,2018,5252,3840,646,Grinding machine
Y0021047,Y002,2018,7559,4540,647,Grinding machine
X0021048,X002,2018,5607,2833,648,Milling machine
A0021049,A002,2018,576,14,649,Drill press
Y0021050,Y002,2018,6339,3517,650,Grinding machine
X0011051,X001,2018,4571,358,651,Metal lathe machine
X0031052,X003,2018,1250,1135,652,Drill press
X0021053,X002,2018,8332,3518,653,Metal lathe machine
A0041054,A004,2018,48,17,654,Drill press
A0021055,A002,2018,3367,83,655,Metal lathe machine
A0031056,A003,2018,5044,3344,656,Drill press
A0061057,A006,2018,371,129,657,Grinding machine
B0021058,B002,2018,4130,3323,658,Metal lathe machine
A0011059,A001,2018,8827,8563,659,Metal lathe machine
Y0021060,Y002,2018,7661,5871,660,Grinding machine
Y0011061,Y001,2018,5776,5242,661,Drill press
A0061062,A006,2018,1653,464,662,Grinding machine
X0031063,X003,2018,5609,2297,663,Metal lathe machine
X0021064,X002,2018,6023,3913,664,Milling machine
X0021065,X002,2018,8197,5367,665,Grinding machine
A0051066,A005,2018,3464,2512,666,Grinding machine
X0031067,X003,2018,1564,1429,667,Drill press
A0011068,A001,2018,6047,13,668,Drill press
A0051069,A005,2018,4194,1976,669,Drill press
A0061070,A006,2018,4899,525,670,Grinding machine
X0021071,X002,2018,1411,1039,671,Drill press
A0041072,A004,2018,5607,3658,672,Drill press
X0031073,X003,2018,1330,246,673,Grinding machine
B0011074,B001,2018,4495,1131,674,Grinding machine
A0061075,A006,2018,8465,4523,675,Grinding machine
X0031076,X003,2018,5102,3051,676,Milling machine
A0031077,A003,2018,3800,2733,677,Drill press
Y0021078,Y002,2018,3739,793,678,Grinding machine
A0011079,A001,2018,8100,954,679,Metal lathe machine
X0011080,X001,2018,1810,347,680,Metal lathe machine
X0031081,X003,2018,911,202,681,Metal lathe machine
B0021082,B002,2018,1928,449,682,Milling machine
Y0011083,Y001,2018,8795,4113,683,Milling machine
Y0021084,Y002,2018,4032,2495,684,Drill press
B0011085,B001,2018,466,238,685,Metal lathe machine
A0041086,A004,2018,4113,2082,686,Drill press
A0031087,A003,2018,642,121,687,Grinding machine
A0011088,A001,2018,6507,2274,688,Metal lathe machine
B0021089,B002,2018,60,30,689,Grinding machine
Y0011090,Y001,2018,4221,2206,690,Grinding machine
A0011091,A001,2018,8214,6890,691,Drill press
X0031092,X003,2018,7138,1578,692,Milling machine
A0061093,A006,2018,8503,363,693,Milling machine
X0021094,X002,2018,6186,1240,694,Metal lathe machine
Y0021095,Y002,2018,846,224,695,Drill press
X0021096,X002,2018,9897,4551,696,Drill press
A0021097,A002,2018,3491,99,697,Metal lathe machine
B0021098,B002,2018,6793,89,698,Drill press
A0061099,A006,2018,6754,5627,699,Drill press
A0031100,A003,2018,3408,37,700,Grinding machine
A0011101,A001,2018,4537,2807,701,Metal lathe machine
X0031102,X003,2018,9433,6253,702,Drill press
A0041103,A004,2018,952,582,703,Metal lathe machine
A0011104,A001,2018,3487,2149,704,Grinding machine
A0041105,A004,2018,3831,2933,705,Milling machine
A0021106,A002,2018,3982,3287,706,Drill press
A0021107,A002,2018,9573,7360,707,Metal lathe machine
A0061108,A006,2018,1751,708,708,Grinding machine
B0011109,B001,2018,7448,4163,709,Drill press
A0031110,A003,2018,2456,20,710,Metal lathe machine
X0011111,X001,2018,4752,2817,711,Drill press
A0061112,A006,2018,5781,2061,712,Drill press
A0021113,A002,2018,3241,2776,713,Milling machine
X0021114,X002,2018,5380,1138,714,Drill press
X0021115,X002,2018,6022,2582,715,Metal lathe machine
A0041116,A004,2018,7144,581,716,Metal lathe machine
X0031117,X003,2018,7659,3105,717,Metal lathe machine
A0031118,A003,2018,9518,5363,718,Metal lathe machine
A0021119,A002,2018,8064,3148,719,Milling machine
Y0011120,Y001,2018,8112,5545,720,Drill press
B0011121,B001,2018,9195,2871,721,Grinding machine
A0051122,A005,2018,5394,4465,722,Grinding machine
Y0021123,Y002,2018,618,84,723,Drill press
X0031124,X003,2018,1486,393,724,Drill press
A0041125,A004,2018,9256,2838,725,Drill press
Y0011126,Y001,2018,7606,5839,726,Grinding machine
A0041127,A004,2018,6489,5771,727,Metal lathe machine
X0021128,X002,2018,3208,2913,728,Grinding machine
X0011129,X001,2018,9005,5594,729,Milling machine
X0021130,X002,2018,9386,3558,730,Grinding machine
A0051131,A005,2018,7356,2052,731,Drill press
Y0011132,Y001,2018,6052,4302,732,Drill press
B0011133,B001,2018,7633,1244,733,Metal lathe machine
X0031134,X003,2018,8637,8100,734,Metal lathe machine
X0011135,X001,2018,476,447,735,Grinding machine
A0031136,A003,2018,4987,4913,736,Drill press
X0031137,X003,2018,5236,4061,737,Milling machine
B0011138,B001,2018,6123,3091,738,Drill press
X0021139,X002,2018,9985,9104,739,Metal lathe machine
X0021140,X002,2018,2359,234,740,Drill press
B0021141,B002,2018,7586,4483,741,Milling machine
Y0021142,Y002,2018,6926,6851,742,Milling machine
B0021143,B002,2018,9218,1834,743,Grinding machine
X0011144,X001,2018,5064,1095,744,Drill press
A0061145,A006,2018,3783,2294,745,Milling machine
X0011146,X001,2018,1051,296,746,Grinding machine
A0041147,A004,2018,9837,9831,747,Drill press
X0031148,X003,2018,6055,4696,748,Drill press
A0061149,A006,2018,8347,1844,749,Grinding machine
A0051150,A005,2018,7630,3171,750,Milling machine
B0021151,B002,2018,5312,938,751,Drill press
A0051152,A005,2018,9767,927,752,Metal lathe machine
Y0021153,Y002,2018,3985,1276,753,Drill press
A0031154,A003,2018,7928,3903,754,Grinding machine
A0051155,A005,2018,4239,1683,755,Grinding machine
B0011156,B001,2018,9678,4251,756,Milling machine
A0051157,A005,2018,9004,7860,757,Metal lathe machine
A0021158,A002,2018,5798,915,758,Metal lathe machine
A0041159,A004,2018,7469,4119,759,Drill press
A0031160,A003,2018,8939,3229,760,Milling machine
A0031161,A003,2018,8293,7452,761,Drill press
A0051162,A005,2018,5521,3400,762,Drill press
A0051163,A005,2018,7604,6201,763,Milling machine
A0061164,A006,2018,3593,2273,764,Grinding machine
B0021165,B002,2018,7048,476,765,Milling machine
A0011166,A001,2018,2616,2140,766,Drill press
B0011167,B001,2018,8077,5163,767,Metal lathe machine
Y0011168,Y001,2018,3912,3008,768,Metal lathe machine
B0021169,B002,2018,2492,1217,769,Milling machine
A0031170,A003,2018,6075,2106,770,Milling machine
X0021171,X002,2018,7865,197,771,Milling machine
A0011172,A001,2018,4125,2789,772,Drill press
A0051173,A005,2018,9968,1571,773,Metal lathe machine
X0021174,X002,2018,663,324,774,Drill press
B0011175,B001,2018,1014,991,775,Grinding machine
A0061176,A006,2018,2860,1519,776,Drill press
X0011177,X001,2018,8667,1492,777,Metal lathe machine
B0021178,B002,2018,9235,4026,778,Drill press
X0021179,X002,2018,2363,443,779,Drill press
X0031180,X003,2018,682,156,780,Metal lathe machine
B0011181,B001,2018,606,123,781,Drill press
A0021182,A002,2018,172,140,782,Metal lathe machine
B0011183,B001,2018,9038,7190,783,Metal lathe machine
X0031184,X003,2018,507,1,784,Grinding machine
Y0011185,Y001,2018,25,19,785,Grinding machine
A0031186,A003,2018,955,654,786,Milling machine
B0021187,B002,2018,5295,665,787,Metal lathe machine
X0031188,X003,2018,2295,1004,788,Grinding machine
B0011189,B001,2018,3897,572,789,Grinding machine
A0061190,A006,2018,7863,3454,790,Drill press
X0031191,X003,2018,61,39,791,Grinding machine
X0031192,X003,2018,2443,2235,792,Milling machine
A0061193,A006,2018,2490,1462,793,Drill press
A0051194,A005,2018,4980,1294,794,Drill press
A0011195,A001,2018,6549,1870,795,Grinding machine
X0021196,X002,2018,7467,2280,796,Grinding machine
X0011197,X001,2018,4165,3766,797,Drill press
X0021198,X002,2018,1132,213,798,Milling machine
B0011199,B001,2018,2414,662,799,Grinding machine
B0021200,B002,2018,9197,4670,800,Grinding machine
A0031201,A003,2018,7447,252,801,Metal lathe machine
B0021202,B002,2018,7928,5400,802,Metal lathe machine
A0011203,A001,2018,1548,138,803,Metal lathe machine
B0011204,B001,2018,9665,8633,804,Grinding machine
X0031205,X003,2018,6902,2543,805,Grinding machine
A0011206,A001,2018,3802,3684,806,Grinding machine
A0061207,A006,2018,6804,5443,807,Drill press
B0011208,B001,2018,4125,1130,808,Metal lathe machine
A0031209,A003,2018,2931,2610,809,Milling machine
A0061210,A006,2018,1186,892,810,Drill press
X0031211,X003,2018,365,7,811,Milling machine
Y0011212,Y001,2018,9763,4217,812,Milling machine
X0011213,X001,2018,1674,921,813,Grinding machine
X0021214,X002,2018,7342,466,814,Milling machine
A0041215,A004,2018,833,575,815,Grinding machine
X0021216,X002,2018,8957,4129,816,Drill press
Y0011217,Y001,2018,8463,8342,817,Drill press
B0021218,B002,2018,1446,386,818,Metal lathe machine
A0041219,A004,2018,1781,66,819,Grinding machine
B0021220,B002,2018,6847,4880,820,Milling machine
Y0011221,Y001,2018,2631,1665,821,Drill press
A0061222,A006,2018,6485,2759,822,Metal lathe machine
A0061223,A006,2018,8999,8421,823,Metal lathe machine
Y0011224,Y001,2018,6508,2289,824,Milling machine
Y0021225,Y002,2018,5542,1372,825,Grinding machine
B0021226,B002,2018,814,426,826,Drill press
X0011227,X001,2018,437,339,827,Grinding machine
A0031228,A003,2018,1094,832,828,Metal lathe machine
X0031229,X003,2018,3629,2991,829,Metal lathe machine
A0061230,A006,2018,8498,5649,830,Drill press
A0031231,A003,2018,5876,1337,831,Metal lathe machine
A0061232,A006,2018,6962,2441,832,Drill press
A0011233,A001,2018,3313,1126,833,Metal lathe machine
X0031234,X003,2018,2000,1566,834,Metal lathe machine
X0021235,X002,2018,6346,611,835,Metal lathe machine
A0041236,A004,2018,7109,2971,836,Milling machine
Y0011237,Y001,2018,5065,4293,837,Metal lathe machine
A0011238,A001,2018,6526,5796,838,Milling machine
B0021239,B002,2018,6125,2534,839,Metal lathe machine
A0011240,A001,2018,7844,5523,840,Metal lathe machine
A0021241,A002,2018,5757,4518,841,Milling machine
A0031242,A003,2018,8046,2479,842,Metal lathe machine
A0011243,A001,2018,6843,5879,843,Grinding machine
A0021244,A002,2018,1757,840,844,Milling machine
X0031245,X003,2018,4640,605,845,Grinding machine
A0061246,A006,2018,8429,7293,846,Metal lathe machine
A0021247,A002,2018,9357,7133,847,Grinding machine
A0061248,A006,2018,382,161,848,Drill press
A0031249,A003,2018,6176,3445,849,Metal lathe machine
Y0011250,Y001,2018,8034,2693,850,Drill press
Y0021251,Y002,2018,6094,5181,851,Grinding machine
A0051252,A005,2018,7422,6947,852,Metal lathe machine
A0051253,A005,2018,8617,2248,853,Milling machine
X0011254,X001,2018,4406,72,854,Milling machine
A0031255,A003,2018,292,175,855,Drill press
A0031256,A003,2018,9897,4385,856,Metal lathe machine
X0011257,X001,2018,2683,704,857,Grinding machine
A0031258,A003,2018,7504,2423,858,Milling machine
A0051259,A005,2018,9920,663,859,Drill press
X0031260,X003,2018,9935,2011,860,Grinding machine
B0011261,B001,2018,2839,2252,861,Drill press
X0021262,X002,2018,9012,2200,862,Milling machine
A0021263,A002,2018,5540,1988,863,Metal lathe machine
X0021264,X002,2018,3776,1927,864,Metal lathe machine
A0051265,A005,2018,6140,910,865,Drill press
Y0011266,Y001,2018,1049,587,866,Grinding machine
B0021267,B002,2018,7888,4376,867,Milling machine
B0011268,B001,2018,8454,3684,868,Grinding machine
A0011269,A001,2018,4660,1302,869,Metal lathe machine
A0011270,A001,2018,3107,1565,870,Drill press
B0011271,B001,2018,6546,3536,871,Milling machine
A0061272,A006,2018,6696,1858,872,Grinding machine
X0011273,X001,2018,5633,3204,873,Grinding machine
Y0011274,Y001,2018,2893,2414,874,Drill press
Y0021275,Y002,2018,8348,746,875,Milling machine
Y0021276,Y002,2018,7214,5106,876,Grinding machine
X0011277,X001,2018,1175,56,877,Milling machine
Y0011278,Y001,2018,6590,3965,878,Milling machine
B0011279,B001,2018,6926,4359,879,Drill press
B0011280,B001,2018,3315,1665,880,Milling machine
Y0011281,Y001,2018,5640,633,881,Grinding machine
X0031282,X003,2018,7365,1846,882,Grinding machine
Y0021283,Y002,2018,8368,1262,883,Metal lathe machine
A0041284,A004,2018,8594,6566,884,Drill press
X0031285,X003,2018,2021,858,885,Milling machine
A0031286,A003,2018,2490,1922,886,Milling machine
Y0011287,Y001,2018,3912,516,887,Drill press
B0011288,B001,2018,4333,403,888,Grinding machine
A0051289,A005,2018,6521,330,889,Grinding machine
X0011290,X001,2018,9093,5663,890,Milling machine
A0021291,A002,2018,7976,70,891,Grinding machine
A0021292,A002,2018,3869,2389,892,Metal lathe machine
X0021293,X002,2018,2709,2422,893,Metal lathe machine
A0011294,A001,2018,6742,528,894,Metal lathe machine
B0011295,B001,2018,1659,167,895,Drill press
A0031296,A003,2018,5651,1370,896,Drill press
A0011297,A001,2018,2819,627,897,Milling machine
A0021298,A002,2018,9098,547,898,Grinding machine
B0011299,B001,2018,3081,1029,899,Milling machine
A0041300,A004,2018,7497,7270,900,Milling machine
A0021301,A002,2018,9350,7421,901,Drill press
A0051302,A005,2018,5959,3813,902,Metal lathe machine
B0021303,B002,2018,4309,2999,903,Milling machine
A0051304,A005,2018,3936,2809,904,Milling machine
X0021305,X002,2018,5701,3902,905,Grinding machine
A0041306,A004,2018,4898,159,906,Grinding machine
X0021307,X002,2018,2509,600,907,Drill press
Y0011308,Y001,2018,7850,3786,908,Milling machine
Y0011309,Y001,2018,9296,4512,909,Grinding machine
A0051310,A005,2018,9659,6321,910,Grinding machine
X0011311,X001,2018,4249,2092,911,Metal lathe machine
A0021312,A002,2018,4754,1483,912,Milling machine
X0021313,X002,2018,572,243,913,Grinding machine
A0021314,A002,2018,3994,1290,914,Drill press
A0021315,A002,2018,3746,19,915,Milling machine
A0061316,A006,2018,3411,2444,916,Drill press
X0031317,X003,2018,6359,4465,917,Metal lathe machine
X0021318,X002,2018,8616,4727,918,Metal lathe machine
A0021319,A002,2018,9728,8124,919,Milling machine
X0011320,X001,2018,999,968,920,Drill press
X0011321,X001,2018,8834,3531,921,Milling machine
X0011322,X001,2018,7374,1056,922,Metal lathe machine
B0011323,B001,2018,2778,2101,923,Milling machine
Y0021324,Y002,2018,8530,8373,924,Drill press
X0031325,X003,2018,5486,1230,925,Metal lathe machine
A0061326,A006,2018,7855,6541,926,Milling machine
A0011327,A001,2018,9865,5573,927,Grinding machine
B0021328,B002,2018,8628,1170,928,Drill press
X0031329,X003,2018,4323,3497,929,Metal lathe machine
Y0021330,Y002,2018,4491,3716,930,Metal lathe machine
X0011331,X001,2018,6458,2880,931,Milling machine
A0011332,A001,2018,8341,450,932,Grinding machine
Y0011333,Y001,2018,8718,8053,933,Grinding machine
Y0011334,Y001,2018,4148,1479,934,Grinding machine
A0051335,A005,2018,8852,2306,935,Milling machine
Y0011336,Y001,2018,3961,893,936,Metal lathe machine
X0031337,X003,2018,7099,2092,937,Grinding machine
A0061338,A006,2018,3989,2849,938,Drill press
X0011339,X001,2018,5457,14,939,Milling machine
B0011340,B001,2018,7752,4120,940,Metal lathe machine
X0031341,X003,2018,9845,7096,941,Milling machine
Y0021342,Y002,2018,2250,475,942,Drill press
X0021343,X002,2018,8389,5497,943,Grinding machine
X0031344,X003,2018,3483,3400,944,Grinding machine
X0021345,X002,2018,5781,4911,945,Drill press
X0031346,X003,2018,9361,5397,946,Grinding machine
Y0021347,Y002,2018,5378,2244,947,Metal lathe machine
A0051348,A005,2018,4090,2586,948,Milling machine
B0021349,B002,2018,1661,795,949,Metal lathe machine
X0031350,X003,2018,7105,1084,950,Grinding machine
Y0011351,Y001,2018,3971,3755,951,Grinding machine
X0011352,X001,2018,1873,388,952,Metal lathe machine
Y0011353,Y001,2018,8059,7060,953,Drill press
Y0021354,Y002,2018,4202,3322,954,Drill press
A0031355,A003,2018,3902,931,955,Metal lathe machine
Y0021356,Y002,2018,415,214,956,Milling machine
Y0021357,Y002,2018,8073,4341,957,Metal lathe machine
A0021358,A002,2018,9394,369,958,Metal lathe machine
Y0011359,Y001,2018,503,209,959,Milling machine
A0051360,A005,2018,9183,8211,960,Grinding machine
A0061361,A006,2018,6811,2990,961,Milling machine
X0011362,X001,2018,5423,721,962,Milling machine
X0031363,X003,2018,9156,8728,963,Milling machine
A0041364,A004,2018,6742,4418,964,Metal lathe machine
X0021365,X002,2018,2772,541,965,Grinding machine
A0061366,A006,2018,1960,1181,966,Grinding machine
X0031367,X003,2018,9373,8967,967,Metal lathe machine
A0021368,A002,2018,9345,2801,968,Drill press
B0011369,B001,2018,587,7,969,Milling machine
X0031370,X003,2018,9527,9083,970,Grinding machine
A0021371,A002,2018,446,307,971,Milling machine
A0051372,A005,2018,1979,914,972,Grinding machine
X0021373,X002,2018,8913,3469,973,Metal lathe machine
A0021374,A002,2018,2021,486,974,Metal lathe machine
A0061375,A006,2018,1688,1236,975,Drill press
Y0021376,Y002,2018,1294,789,976,Milling machine
Y0021377,Y002,2018,608,142,977,Grinding machine
A0051378,A005,2018,9039,4,978,Grinding machine
X0021379,X002,2018,4437,3890,979,Metal lathe machine
A0021380,A002,2018,414,19,980,Milling machine
A0061381,A006,2018,3040,2832,981,Grinding machine
Y0011382,Y001,2018,3043,2545,982,Metal lathe machine
Y0021383,Y002,2018,2243,475,983,Drill press
A0031384,A003,2018,6215,4298,984,Metal lathe machine
A0041385,A004,2018,1845,1628,985,Metal lathe machine
A0011386,A001,2018,7975,3509,986,Milling machine
A0031387,A003,2018,222,22,987,Milling machine
A0051388,A005,2018,7971,2191,988,Milling machine
A0021389,A002,2018,1535,122,989,Metal lathe machine
A0041390,A004,2018,9666,1333,990,Drill press
A0021391,A002,2018,2496,2489,991,Drill press
X0011392,X001,2018,8960,8326,992,Metal lathe machine
A0041393,A004,2018,650,485,993,Metal lathe machine
A0051394,A005,2018,390,183,994,Milling machine
A0051395,A005,2018,647,368,995,Grinding machine
A0021396,A002,2018,1189,863,996,Grinding machine
A0051397,A005,2018,4229,125,997,Grinding machine
X0011398,X001,2018,939,214,998,Milling machine
A0061399,A006,2018,584,436,999,Milling machine
Y0011400,Y001,2018,8415,3248,1000,Grinding machine
A0061401,A006,2018,2514,1095,1001,Milling machine
Y0021402,Y002,2018,6507,4128,1002,Metal lathe machine
A0061403,A006,2018,9821,6166,1003,Drill press
B0011404,B001,2018,4993,1020,1004,Metal lathe machine
A0041405,A004,2018,9638,1430,1005,Metal lathe machine
A0021406,A002,2018,6696,4651,1006,Grinding machine
A0041407,A004,2018,849,695,1007,Milling machine
X0021408,X002,2018,9552,5380,1008,Grinding machine
A0011409,A001,2018,4705,2961,1009,Milling machine
Y0011410,Y001,2018,1095,932,1010,Milling machine
Y0011411,Y001,2018,5096,4155,1011,Grinding machine
X0011412,X001,2018,1467,466,1012,Metal lathe machine
A0061413,A006,2018,738,5,1013,Milling machine
A0041414,A004,2018,6207,3669,1014,Grinding machine
A0011415,A001,2018,4783,1073,1015,Milling machine
A0041416,A004,2018,3477,1917,1016,Grinding machine
A0061417,A006,2018,5711,1687,1017,Grinding machine
A0031418,A003,2018,4708,1126,1018,Grinding machine
A0041419,A004,2018,4245,2843,1019,Drill press
A0041420,A004,2018,9688,7575,1020,Drill press
X0021421,X002,2018,4091,313,1021,Metal lathe machine
X0011422,X001,2018,1822,1715,1022,Metal lathe machine
Y0011423,Y001,2018,6826,4979,1023,Metal lathe machine
A0031424,A003,2018,3539,1415,1024,Grinding machine
B0011425,B001,2018,7025,2423,1025,Drill press
X0031426,X003,2018,9380,1964,1026,Grinding machine
X0011427,X001,2018,9818,1087,1027,Grinding machine
A0051428,A005,2018,5508,3549,1028,Metal lathe machine
A0011429,A001,2018,221,44,1029,Metal lathe machine
A0061430,A006,2018,9564,1697,1030,Drill press
X0021431,X002,2018,649,336,1031,Metal lathe machine
A0041432,A004,2018,3645,165,1032,Grinding machine
A0031433,A003,2018,9266,1073,1033,Drill press
B0021434,B002,2018,2168,1694,1034,Metal lathe machine
A0051435,A005,2018,5274,3980,1035,Grinding machine
X0011436,X001,2018,5451,4259,1036,Drill press
B0011437,B001,2018,1043,670,1037,Metal lathe machine
X0021438,X002,2018,3377,3014,1038,Grinding machine
X0031439,X003,2018,4955,80,1039,Drill press
X0021440,X002,2018,7850,236,1040,Drill press
Y0011441,Y001,2018,40,27,1041,Milling machine
B0021442,B002,2018,6067,4624,1042,Grinding machine
B0011443,B001,2018,8759,5525,1043,Milling machine
B0021444,B002,2018,2111,1469,1044,Grinding machine
X0021445,X002,2018,9982,1079,1045,Milling machine
A0031446,A003,2018,3571,823,1046,Drill press
X0011447,X001,2018,2466,2337,1047,Grinding machine
X0031448,X003,2018,2779,2457,1048,Grinding machine
A0051449,A005,2018,3733,1117,1049,Metal lathe machine
A0011450,A001,2018,325,242,1050,Grinding machine
X0021451,X002,2018,8101,7498,1051,Metal lathe machine
A0041452,A004,2018,7152,5529,1052,Milling machine
Y0021453,Y002,2018,4171,90,1053,Milling machine
A0031454,A003,2018,7464,2910,1054,Drill press
B0011455,B001,2018,3853,1404,1055,Grinding machine
A0041456,A004,2018,9363,979,1056,Milling machine
A0041457,A004,2018,5802,4971,1057,Milling machine
A0041458,A004,2018,2156,1942,1058,Drill press
X0031459,X003,2018,9223,3091,1059,Drill press
A0011460,A001,2018,2977,296,1060,Drill press
A0051461,A005,2018,819,240,1061,Drill press
A0011462,A001,2018,2588,22,1062,Drill press
A0031463,A003,2018,4976,4291,1063,Metal lathe machine
X0031464,X003,2018,5345,1296,1064,Grinding machine
A0031465,A003,2018,8836,7583,1065,Drill press
B0021466,B002,2018,3858,3395,1066,Metal lathe machine
X0021467,X002,2018,975,20,1067,Drill press
A0041468,A004,2018,6864,2372,1068,Milling machine
B0011469,B001,2018,4396,3462,1069,Metal lathe machine
X0011470,X001,2018,5234,2650,1070,Drill press
A0031471,A003,2018,7246,1881,1071,Metal lathe machine
Y0011472,Y001,2018,9309,4448,1072,Drill press
A0021473,A002,2018,2700,32,1073,Grinding machine
A0061474,A006,2018,6142,4889,1074,Milling machine
A0051475,A005,2018,7273,3461,1075,Grinding machine
A0041476,A004,2018,2311,1770,1076,Metal lathe machine
A0011477,A001,2018,8259,3328,1077,Metal lathe machine
X0021478,X002,2018,9237,1070,1078,Drill press
A0041479,A004,2018,1061,848,1079,Grinding machine
X0031480,X003,2018,348,89,1080,Drill press
B0021481,B002,2018,2778,754,1081,Metal lathe machine
A0031482,A003,2018,9514,6965,1082,Milling machine
A0051483,A005,2018,8864,6669,1083,Grinding machine
A0041484,A004,2018,6492,4039,1084,Grinding machine
A0041485,A004,2018,3844,992,1085,Grinding machine
A0041486,A004,2018,8375,7008,1086,Milling machine
A0021487,A002,2018,1933,1016,1087,Metal lathe machine
A0051488,A005,2018,2007,641,1088,Grinding machine
A0051489,A005,2018,6294,283,1089,Milling machine
B0021490,B002,2018,8633,1603,1090,Milling machine
Y0011491,Y001,2018,4546,1672,1091,Metal lathe machine
A0021492,A002,2018,5780,834,1092,Drill press
A0011493,A001,2018,1577,989,1093,Metal lathe machine
X0031494,X003,2018,1336,363,1094,Drill press
A0011495,A001,2018,7591,3830,1095,Milling machine
A0021496,A002,2018,4094,1437,1096,Metal lathe machine
Y0011497,Y001,2018,6724,1916,1097,Drill press
A0031498,A003,2018,565,351,1098,Metal lathe machine
X0021499,X002,2018,6984,3260,1099,Drill press
X0021500,X002,2018,7348,505,1100,Metal lathe machine
X0021501,X002,2018,5042,1299,1101,Metal lathe machine
Y0011502,Y001,2018,5987,217,1102,Metal lathe machine
B0011503,B001,2018,2975,662,1103,Drill press
X0011504,X001,2018,9769,3398,1104,Grinding machine
B0011505,B001,2018,3430,1380,1105,Drill press
A0021506,A002,2018,3829,774,1106,Metal lathe machine
A0061507,A006,2018,2979,1840,1107,Metal lathe machine
Y0011508,Y001,2018,6071,1164,1108,Milling machine
A0041509,A004,2018,8105,861,1109,Drill press
B0021510,B002,2018,4308,3310,1110,Drill press
A0021511,A002,2018,1682,1546,1111,Milling machine
A0051512,A005,2018,5888,2475,1112,Grinding machine
Y0011513,Y001,2018,5546,1703,1113,Grinding machine
B0021514,B002,2018,2064,1569,1114,Grinding machine
Y0011515,Y001,2018,6501,6493,1115,Milling machine
A0061516,A006,2018,5172,934,1116,Metal lathe machine
X0011517,X001,2018,7207,6517,1117,Metal lathe machine
Y0021518,Y002,2018,7952,3939,1118,Drill press
A0011519,A001,2018,2096,617,1119,Metal lathe machine
Y0011520,Y001,2018,7980,2270,1120,Grinding machine
A0051521,A005,2018,8093,1289,1121,Grinding machine
X0021522,X002,2018,8448,4115,1122,Drill press
Y0021523,Y002,2018,2575,2445,1123,Drill press
Y0021524,Y002,2018,2875,791,1124,Metal lathe machine
A0041525,A004,2018,1048,479,1125,Grinding machine
A0041526,A004,2018,3994,1998,1126,Grinding machine
A0031527,A003,2018,3680,1101,1127,Metal lathe machine
A0021528,A002,2018,3844,651,1128,Grinding machine
B0011529,B001,2018,7372,5645,1129,Grinding machine
B0021530,B002,2018,9661,6424,1130,Metal lathe machine
X0011531,X001,2018,5233,360,1131,Milling machine
A0031532,A003,2018,1612,489,1132,Grinding machine
Y0011533,Y001,2018,7553,777,1133,Drill press
A0011534,A001,2018,4605,1634,1134,Grinding machine
B0021535,B002,2018,3194,1851,1135,Grinding machine
X0031536,X003,2018,2983,115,1136,Metal lathe machine
X0031537,X003,2018,8916,5370,1137,Drill press
X0031538,X003,2018,3024,1018,1138,Metal lathe machine
B0011539,B001,2018,7545,123,1139,Milling machine
A0061540,A006,2018,6387,1296,1140,Metal lathe machine
A0051541,A005,2018,3664,3398,1141,Grinding machine
B0021542,B002,2018,5345,531,1142,Milling machine
A0061543,A006,2018,4591,716,1143,Grinding machine
Y0011544,Y001,2018,9814,8805,1144,Drill press
X0031545,X003,2018,2104,391,1145,Milling machine
A0051546,A005,2018,1495,1219,1146,Metal lathe machine
A0011547,A001,2018,6645,6641,1147,Drill press
Y0021548,Y002,2018,2367,2291,1148,Milling machine
Y0021549,Y002,2018,7803,3023,1149,Metal lathe machine
A0041550,A004,2018,5464,1107,1150,Metal lathe machine
A0041551,A004,2018,9239,8387,1151,Metal lathe machine
A0031552,A003,2018,5713,5592,1152,Grinding machine
A0031553,A003,2018,6273,2251,1153,Metal lathe machine
B0011554,B001,2018,5057,2032,1154,Drill press
Y0021555,Y002,2018,9158,8982,1155,Metal lathe machine
B0011556,B001,2018,930,573,1156,Grinding machine
A0041557,A004,2018,1038,443,1157,Drill press
Y0011558,Y001,2018,482,373,1158,Grinding machine
A0031559,A003,2018,9193,1859,1159,Drill press
B0021560,B002,2018,3476,3038,1160,Grinding machine
A0011561,A001,2018,3213,1942,1161,Grinding machine
B0011562,B001,2018,6890,4934,1162,Drill press
X0011563,X001,2018,6250,4032,1163,Milling machine
A0061564,A006,2018,4882,2243,1164,Grinding machine
X0021565,X002,2018,1097,613,1165,Grinding machine
A0011566,A001,2018,7732,2968,1166,Milling machine
A0051567,A005,2018,8242,6899,1167,Metal lathe machine
X0021568,X002,2018,6389,6340,1168,Milling machine
A0061569,A006,2018,4140,4101,1169,Metal lathe machine
B0021570,B002,2018,7532,3600,1170,Milling machine
X0011571,X001,2018,6755,869,1171,Drill press
A0011572,A001,2018,8692,3595,1172,Drill press
X0021573,X002,2018,1949,1945,1173,Drill press
X0031574,X003,2018,9626,9277,1174,Metal lathe machine
A0051575,A005,2018,910,159,1175,Grinding machine
B0021576,B002,2018,5874,3070,1176,Drill press
A0051577,A005,2018,9480,4325,1177,Grinding machine
X0021578,X002,2018,1174,984,1178,Grinding machine
Y0021579,Y002,2018,5563,1192,1179,Grinding machine
X0031580,X003,2018,1564,1552,1180,Drill press
A0011581,A001,2018,2207,1086,1181,Metal lathe machine
X0021582,X002,2018,2939,1606,1182,Grinding machine
A0031583,A003,2018,14,10,1183,Grinding machine
B0021584,B002,2018,9057,1807,1184,Drill press
A0031585,A003,2018,577,39,1185,Drill press
A0021586,A002,2018,9771,2900,1186,Milling machine
X0011587,X001,2018,2530,2305,1187,Drill press
Y0021588,Y002,2018,287,91,1188,Milling machine
X0021589,X002,2018,3420,1575,1189,Milling machine
X0021590,X002,2018,9381,8060,1190,Drill press
A0041591,A004,2018,2215,564,1191,Milling machine
X0011592,X001,2018,7011,4799,1192,Milling machine
Y0021593,Y002,2018,174,117,1193,Grinding machine
X0021594,X002,2018,6222,1942,1194,Metal lathe machine
A0051595,A005,2018,9365,441,1195,Milling machine
A0011596,A001,2018,2584,1112,1196,Metal lathe machine
B0011597,B001,2018,5017,2923,1197,Metal lathe machine
X0021598,X002,2018,8780,769,1198,Grinding machine
B0011599,B001,2018,2781,1662,1199,Drill press
Y0021000,Y002,2019,6051,5681,1200,Milling machine
A0051001,A005,2019,8216,1328,1201,Drill press
Y0021002,Y002,2019,4055,1742,1202,Metal lathe machine
A0061003,A006,2019,7603,3414,1203,Drill press
X0021004,X002,2019,8827,7143,1204,Drill press
X0021005,X002,2019,5266,2766,1205,Drill press
A0041006,A004,2019,4558,3221,1206,Metal lathe machine
Y0021007,Y002,2019,2938,1708,1207,Grinding machine
Y0011008,Y001,2019,1652,617,1208,Drill press
A0011009,A001,2019,7181,1821,1209,Metal lathe machine
A0041010,A004,2019,9042,2851,1210,Milling machine
A0051011,A005,2019,6566,2564,1211,Metal lathe machine
X0031012,X003,2019,2387,1142,1212,Metal lathe machine
A0041013,A004,2019,5763,2063,1213,Grinding machine
Y0011014,Y001,2019,3025,1729,1214,Grinding machine
X0021015,X002,2019,8720,6231,1215,Milling machine
A0011016,A001,2019,4001,321,1216,Grinding machine
A0021017,A002,2019,1178,713,1217,Drill press
A0031018,A003,2019,2153,833,1218,Metal lathe machine
B0021019,B002,2019,6353,2985,1219,Metal lathe machine
X0021020,X002,2019,6485,3270,1220,Milling machine
A0031021,A003,2019,6058,946,1221,Drill press
X0011022,X001,2019,7726,5879,1222,Metal lathe machine
Y0021023,Y002,2019,6973,2470,1223,Grinding machine
Y0011024,Y001,2019,7108,189,1224,Grinding machine
X0011025,X001,2019,4708,1339,1225,Drill press
A0021026,A002,2019,4466,783,1226,Drill press
A0051027,A005,2019,3148,83,1227,Grinding machine
A0011028,A001,2019,8239,3065,1228,Metal lathe machine
A0021029,A002,2019,8518,4917,1229,Drill press
A0021030,A002,2019,3543,3512,1230,Milling machine
A0041031,A004,2019,9747,7474,1231,Milling machine
B0021032,B002,2019,6192,2729,1232,Milling machine
A0021033,A002,2019,6563,618,1233,Metal lathe machine
A0011034,A001,2019,2767,1859,1234,Milling machine
A0011035,A001,2019,728,443,1235,Milling machine
X0031036,X003,2019,7228,3319,1236,Metal lathe machine
X0031037,X003,2019,2239,346,1237,Metal lathe machine
A0031038,A003,2019,6026,1900,1238,Milling machine
Y0011039,Y001,2019,7288,3626,1239,Drill press
X0021040,X002,2019,2250,957,1240,Milling machine
Y0011041,Y001,2019,6372,6232,1241,Drill press
X0021042,X002,2019,735,418,1242,Milling machine
X0011043,X001,2019,9423,7664,1243,Milling machine
Y0011044,Y001,2019,2291,602,1244,Milling machine
B0021045,B002,2019,1969,346,1245,Metal lathe machine
X0021046,X002,2019,2431,2056,1246,Drill press
B0021047,B002,2019,9147,8884,1247,Metal lathe machine
Y0011048,Y001,2019,3078,2840,1248,Milling machine
X0031049,X003,2019,3761,1554,1249,Metal lathe machine
A0051050,A005,2019,5535,1712,1250,Milling machine
A0021051,A002,2019,8748,818,1251,Grinding machine
Y0011052,Y001,2019,4728,3479,1252,Metal lathe machine
X0021053,X002,2019,1981,626,1253,Drill press
A0011054,A001,2019,8019,3869,1254,Milling machine
Y0021055,Y002,2019,5141,4401,1255,Drill press
X0011056,X001,2019,9189,2983,1256,Metal lathe machine
X0021057,X002,2019,6719,2845,1257,Milling machine
X0031058,X003,2019,4387,3534,1258,Metal lathe machine
Y0021059,Y002,2019,7619,7159,1259,Drill press
A0011060,A001,2019,8197,2476,1260,Milling machine
Y0011061,Y001,2019,949,848,1261,Metal lathe machine
A0041062,A004,2019,1960,1918,1262,Metal lathe machine
A0061063,A006,2019,3194,2458,1263,Milling machine
X0011064,X001,2019,5206,4402,1264,Metal lathe machine
A0031065,A003,2019,9768,1571,1265,Metal lathe machine
X0031066,X003,2019,9870,6825,1266,Grinding machine
B0021067,B002,2019,6740,1638,1267,Milling machine
Y0021068,Y002,2019,5893,4835,1268,Grinding machine
A0011069,A001,2019,4144,3349,1269,Milling machine
Y0011070,Y001,2019,8255,7032,1270,Drill press
B0021071,B002,2019,2496,1445,1271,Grinding machine
A0061072,A006,2019,6164,4755,1272,Drill press
A0011073,A001,2019,1393,1060,1273,Milling machine
X0011074,X001,2019,42,34,1274,Drill press
X0031075,X003,2019,6616,5174,1275,Milling machine
X0021076,X002,2019,1087,806,1276,Metal lathe machine
X0011077,X001,2019,4458,1377,1277,Metal lathe machine
X0021078,X002,2019,455,400,1278,Metal lathe machine
Y0021079,Y002,2019,8251,7493,1279,Grinding machine
A0021080,A002,2019,1551,482,1280,Metal lathe machine
B0021081,B002,2019,7078,1225,1281,Metal lathe machine
A0051082,A005,2019,7101,5384,1282,Grinding machine
B0011083,B001,2019,954,490,1283,Drill press
X0021084,X002,2019,635,500,1284,Grinding machine
Y0021085,Y002,2019,8971,6008,1285,Milling machine
X0031086,X003,2019,1814,1626,1286,Milling machine
A0051087,A005,2019,2075,24,1287,Grinding machine
A0021088,A002,2019,4592,2974,1288,Grinding machine
A0021089,A002,2019,8370,7396,1289,Metal lathe machine
X0031090,X003,2019,8298,8056,1290,Drill press
A0051091,A005,2019,2197,1644,1291,Drill press
B0021092,B002,2019,1953,1739,1292,Drill press
A0021093,A002,2019,8527,2439,1293,Milling machine
Y0011094,Y001,2019,9983,3827,1294,Grinding machine
X0031095,X003,2019,231,195,1295,Drill press
X0031096,X003,2019,7025,98,1296,Drill press
B0011097,B001,2019,1711,359,1297,Metal lathe machine
X0011098,X001,2019,194,70,1298,Milling machine
A0011099,A001,2019,2467,1507,1299,Drill press
A0021100,A002,2019,960,685,1300,Metal lathe machine
Y0011101,Y001,2019,8497,4616,1301,Metal lathe machine
Y0011102,Y001,2019,2610,1853,1302,Milling machine
A0011103,A001,2019,5072,4146,1303,Metal lathe machine
A0031104,A003,2019,4038,1839,1304,Metal lathe machine
A0031105,A003,2019,7079,6219,1305,Grinding machine
A0031106,A003,2019,4290,2128,1306,Milling machine
A0021107,A002,2019,8025,6063,1307,Drill press
X0011108,X001,2019,3592,286,1308,Drill press
X0021109,X002,2019,8539,2777,1309,Grinding machine
B0021110,B002,2019,9533,7823,1310,Grinding machine
B0011111,B001,2019,5950,4924,1311,Milling machine
X0011112,X001,2019,8690,2147,1312,Drill press
A0051113,A005,2019,8841,593,1313,Milling machine
A0011114,A001,2019,3084,1899,1314,Grinding machine
Y0011115,Y001,2019,6984,6786,1315,Metal lathe machine
A0011116,A001,2019,8542,3898,1316,Drill press
A0041117,A004,2019,8661,3287,1317,Milling machine
Y0021118,Y002,2019,1565,601,1318,Grinding machine
Y0011119,Y001,2019,9984,4050,1319,Milling machine
X0031120,X003,2019,3399,3309,1320,Drill press
A0061121,A006,2019,5325,610,1321,Metal lathe machine
A0031122,A003,2019,3414,906,1322,Metal lathe machine
A0051123,A005,2019,2556,1089,1323,Grinding machine
A0011124,A001,2019,6564,5790,1324,Milling machine
A0041125,A004,2019,6044,2444,1325,Grinding machine
A0011126,A001,2019,3005,2236,1326,Grinding machine
A0021127,A002,2019,5809,1431,1327,Milling machine
A0041128,A004,2019,3417,128,1328,Milling machine
A0011129,A001,2019,5708,4145,1329,Drill press
A0021130,A002,2019,4107,516,1330,Grinding machine
A0061131,A006,2019,9181,4303,1331,Grinding machine
Y0011132,Y001,2019,9804,4065,1332,Drill press
B0021133,B002,2019,4831,1407,1333,Metal lathe machine
A0031134,A003,2019,3764,1212,1334,Drill press
A0031135,A003,2019,1401,197,1335,Grinding machine
A0021136,A002,2019,9260,6166,1336,Drill press
A0031137,A003,2019,5710,3461,1337,Metal lathe machine
Y0011138,Y001,2019,7220,978,1338,Metal lathe machine
B0011139,B001,2019,5762,2671,1339,Drill press
B0011140,B001,2019,7127,2845,1340,Grinding machine
X0021141,X002,2019,2942,700,1341,Grinding machine
B0021142,B002,2019,3492,3009,1342,Grinding machine
A0051143,A005,2019,4183,3446,1343,Grinding machine
X0011144,X001,2019,6648,3526,1344,Grinding machine
X0031145,X003,2019,9767,3826,1345,Metal lathe machine
A0051146,A005,2019,8090,6698,1346,Drill press
A0051147,A005,2019,3338,421,1347,Milling machine
A0021148,A002,2019,4024,3658,1348,Milling machine
X0031149,X003,2019,5177,4189,1349,Grinding machine
A0021150,A002,2019,4637,2486,1350,Metal lathe machine
X0031151,X003,2019,5826,1663,1351,Grinding machine
B0011152,B001,2019,8375,3505,1352,Drill press
A0041153,A004,2019,7353,4192,1353,Grinding machine
X0011154,X001,2019,8410,1238,1354,Milling machine
X0031155,X003,2019,4500,3992,1355,Metal lathe machine
X0011156,X001,2019,4467,3879,1356,Grinding machine
A0041157,A004,2019,9848,6814,1357,Milling machine
X0031158,X003,2019,3452,592,1358,Grinding machine
A0021159,A002,2019,2502,5,1359,Metal lathe machine
Y0011160,Y001,2019,4253,209,1360,Metal lathe machine
X0021161,X002,2019,9196,3175,1361,Drill press
A0021162,A002,2019,1817,537,1362,Metal lathe machine
X0021163,X002,2019,3420,3137,1363,Metal lathe machine
X0011164,X001,2019,2615,786,1364,Drill press
X0011165,X001,2019,2606,410,1365,Milling machine
B0021166,B002,2019,4976,3315,1366,Drill press
Y0021167,Y002,2019,3024,1246,1367,Milling machine
B0011168,B001,2019,5916,3554,1368,Grinding machine
X0031169,X003,2019,2275,1752,1369,Milling machine
A0021170,A002,2019,19,3,1370,Milling machine
X0011171,X001,2019,395,199,1371,Grinding machine
Y0011172,Y001,2019,6249,3305,1372,Grinding machine
A0061173,A006,2019,27,12,1373,Grinding machine
A0051174,A005,2019,334,21,1374,Drill press
A0041175,A004,2019,5743,1016,1375,Metal lathe machine
Y0021176,Y002,2019,3300,3111,1376,Metal lathe machine
Y0021177,Y002,2019,857,343,1377,Drill press
X0011178,X001,2019,8887,2162,1378,Drill press
X0021179,X002,2019,5311,2392,1379,Metal lathe machine
A0061180,A006,2019,1612,513,1380,Drill press
A0051181,A005,2019,631,552,1381,Drill press
A0051182,A005,2019,3223,2848,1382,Metal lathe machine
Y0011183,Y001,2019,664,452,1383,Drill press
B0011184,B001,2019,1809,1050,1384,Metal lathe machine
X0011185,X001,2019,6837,1961,1385,Grinding machine
B0021186,B002,2019,536,453,1386,Grinding machine
B0021187,B002,2019,5216,3276,1387,Grinding machine
A0051188,A005,2019,122,39,1388,Milling machine
A0051189,A005,2019,8125,1030,1389,Milling machine
X0021190,X002,2019,7361,1346,1390,Grinding machine
X0011191,X001,2019,2492,587,1391,Milling machine
B0011192,B001,2019,6095,756,1392,Drill press
A0021193,A002,2019,4567,47,1393,Grinding machine
X0031194,X003,2019,1700,1435,1394,Milling machine
B0021195,B002,2019,6406,457,1395,Metal lathe machine
A0021196,A002,2019,5911,3813,1396,Grinding machine
Y0011197,Y001,2019,5612,4063,1397,Metal lathe machine
A0011198,A001,2019,287,251,1398,Grinding machine
A0031199,A003,2019,2244,1303,1399,Metal lathe machine
A0021200,A002,2019,2230,1931,1400,Milling machine
Y0011201,Y001,2019,1640,318,1401,Metal lathe machine
A0041202,A004,2019,7191,2282,1402,Metal lathe machine
B0021203,B002,2019,6054,1232,1403,Drill press
A0051204,A005,2019,4718,1022,1404,Milling machine
Y0021205,Y002,2019,2680,626,1405,Milling machine
A0061206,A006,2019,2309,2229,1406,Grinding machine
A0031207,A003,2019,1703,248,1407,Grinding machine
X0011208,X001,2019,9049,3577,1408,Milling machine
X0021209,X002,2019,1579,81,1409,Milling machine
Y0011210,Y001,2019,6426,5035,1410,Grinding machine
A0041211,A004,2019,5013,2509,1411,Grinding machine
A0011212,A001,2019,4206,3576,1412,Milling machine
Y0011213,Y001,2019,5169,3377,1413,Milling machine
X0021214,X002,2019,7869,1811,1414,Drill press
A0011215,A001,2019,4231,1505,1415,Drill press
A0021216,A002,2019,7283,2313,1416,Grinding machine
A0061217,A006,2019,2065,347,1417,Milling machine
A0021218,A002,2019,5084,700,1418,Metal lathe machine
A0061219,A006,2019,3733,2885,1419,Metal lathe machine
X0031220,X003,2019,276,68,1420,Drill press
X0021221,X002,2019,9086,1046,1421,Metal lathe machine
B0011222,B001,2019,1363,1198,1422,Milling machine
Y0021223,Y002,2019,8084,3980,1423,Milling machine
A0021224,A002,2019,3074,2695,1424,Grinding machine
B0011225,B001,2019,722,190,1425,Metal lathe machine
B0011226,B001,2019,8720,6612,1426,Drill press
A0051227,A005,2019,2737,410,1427,Grinding machine
B0011228,B001,2019,9354,5084,1428,Metal lathe machine
Y0011229,Y001,2019,1471,405,1429,Grinding machine
Y0021230,Y002,2019,2212,811,1430,Metal lathe machine
X0031231,X003,2019,7807,4899,1431,Metal lathe machine
Y0021232,Y002,2019,5079,1928,1432,Grinding machine
A0021233,A002,2019,9335,1131,1433,Drill press
X0011234,X001,2019,6821,3287,1434,Drill press
X0031235,X003,2019,7009,1407,1435,Milling machine
Y0011236,Y001,2019,8716,6164,1436,Metal lathe machine
A0061237,A006,2019,1339,1320,1437,Grinding machine
B0021238,B002,2019,377,91,1438,Metal lathe machine
A0051239,A005,2019,499,351,1439,Metal lathe machine
X0031240,X003,2019,9949,881,1440,Metal lathe machine
Y0011241,Y001,2019,4273,2951,1441,Grinding machine
Y0021242,Y002,2019,818,528,1442,Drill press
Y0011243,Y001,2019,6761,2217,1443,Grinding machine
B0021244,B002,2019,5463,3144,1444,Milling machine
Y0011245,Y001,2019,7590,2729,1445,Milling machine
X0021246,X002,2019,9339,7875,1446,Milling machine
A0031247,A003,2019,8674,4770,1447,Drill press
A0051248,A005,2019,8827,2302,1448,Grinding machine
A0031249,A003,2019,7999,7907,1449,Milling machine
B0021250,B002,2019,7060,4653,1450,Metal lathe machine
B0021251,B002,2019,5578,1006,1451,Grinding machine
B0011252,B001,2019,5414,1271,1452,Metal lathe machine
A0031253,A003,2019,1538,263,1453,Milling machine
A0061254,A006,2019,422,378,1454,Drill press
A0051255,A005,2019,3664,1845,1455,Milling machine
Y0011256,Y001,2019,9331,1467,1456,Drill press
A0031257,A003,2019,9758,4682,1457,Metal lathe machine
Y0011258,Y001,2019,2161,1752,1458,Metal lathe machine
A0061259,A006,2019,9308,6319,1459,Milling machine
Y0011260,Y001,2019,9735,2976,1460,Drill press
X0021261,X002,2019,2285,362,1461,Metal lathe machine
B0011262,B001,2019,9670,4523,1462,Grinding machine
X0021263,X002,2019,7883,6910,1463,Drill press
A0051264,A005,2019,2214,1313,1464,Milling machine
X0021265,X002,2019,5082,3191,1465,Drill press
X0011266,X001,2019,2081,199,1466,Milling machine
B0021267,B002,2019,8893,6137,1467,Grinding machine
A0051268,A005,2019,944,498,1468,Grinding machine
A0011269,A001,2019,7044,6934,1469,Metal lathe machine
A0021270,A002,2019,1464,1080,1470,Grinding machine
A0021271,A002,2019,5570,5139,1471,Grinding machine
A0011272,A001,2019,3723,1009,1472,Drill press
X0011273,X001,2019,7849,681,1473,Milling machine
A0011274,A001,2019,6171,1667,1474,Milling machine
A0011275,A001,2019,505,37,1475,Milling machine
A0011276,A001,2019,6984,56,1476,Drill press
B0011277,B001,2019,6131,386,1477,Milling machine
X0011278,X001,2019,9561,1770,1478,Milling machine
A0041279,A004,2019,9265,6565,1479,Milling machine
X0021280,X002,2019,4134,14,1480,Metal lathe machine
Y0021281,Y002,2019,3212,230,1481,Metal lathe machine
B0011282,B001,2019,6733,4851,1482,Metal lathe machine
A0021283,A002,2019,6438,4478,1483,Grinding machine
A0061284,A006,2019,3532,3421,1484,Drill press
X0011285,X001,2019,1734,1012,1485,Drill press
X0021286,X002,2019,7500,5181,1486,Drill press
X0031287,X003,2019,9005,6286,1487,Grinding machine
B0011288,B001,2019,7965,3529,1488,Milling machine
A0051289,A005,2019,881,304,1489,Drill press
Y0011290,Y001,2019,9005,4149,1490,Milling machine
X0031291,X003,2019,1159,916,1491,Grinding machine
A0021292,A002,2019,6163,1897,1492,Metal lathe machine
A0051293,A005,2019,2226,648,1493,Drill press
X0031294,X003,2019,5233,4030,1494,Grinding machine
Y0011295,Y001,2019,7111,6899,1495,Grinding machine
A0021296,A002,2019,2158,1039,1496,Grinding machine
A0051297,A005,2019,7781,1655,1497,Grinding machine
A0021298,A002,2019,1244,915,1498,Drill press
A0041299,A004,2019,3959,1589,1499,Metal lathe machine
X0021300,X002,2019,6047,3936,1500,Metal lathe machine
X0011301,X001,2019,7019,4994,1501,Grinding machine
A0011302,A001,2019,8443,5925,1502,Grinding machine
Y0021303,Y002,2019,3970,1558,1503,Grinding machine
A0011304,A001,2019,9513,4136,1504,Grinding machine
A0051305,A005,2019,3069,9,1505,Metal lathe machine
Y0021306,Y002,2019,3237,1116,1506,Drill press
A0061307,A006,2019,2455,1877,1507,Metal lathe machine
A0031308,A003,2019,62,51,1508,Metal lathe machine
B0021309,B002,2019,5366,4131,1509,Milling machine
A0041310,A004,2019,2413,1461,1510,Grinding machine
A0011311,A001,2019,156,140,1511,Milling machine
A0031312,A003,2019,3987,3062,1512,Metal lathe machine
X0031313,X003,2019,4704,412,1513,Grinding machine
B0021314,B002,2019,5629,3273,1514,Grinding machine
A0021315,A002,2019,6939,2268,1515,Metal lathe machine
B0021316,B002,2019,8776,8442,1516,Milling machine
X0011317,X001,2019,1560,1079,1517,Metal lathe machine
A0061318,A006,2019,4214,38,1518,Grinding machine
Y0021319,Y002,2019,3503,2500,1519,Grinding machine
X0021320,X002,2019,3093,346,1520,Milling machine
A0021321,A002,2019,84,77,1521,Milling machine
Y0011322,Y001,2019,4299,1774,1522,Milling machine
A0061323,A006,2019,1760,495,1523,Grinding machine
B0021324,B002,2019,8137,5356,1524,Drill press
A0041325,A004,2019,4273,609,1525,Metal lathe machine
A0011326,A001,2019,5764,3731,1526,Grinding machine
X0011327,X001,2019,8835,4377,1527,Milling machine
B0021328,B002,2019,5864,2061,1528,Metal lathe machine
A0021329,A002,2019,2570,879,1529,Milling machine
X0031330,X003,2019,7718,3240,1530,Grinding machine
B0021331,B002,2019,1713,881,1531,Milling machine
X0021332,X002,2019,395,141,1532,Drill press
X0011333,X001,2019,3716,3285,1533,Milling machine
X0021334,X002,2019,5717,4837,1534,Metal lathe machine
X0031335,X003,2019,3055,533,1535,Grinding machine
X0011336,X001,2019,651,193,1536,Grinding machine
A0041337,A004,2019,3025,2257,1537,Milling machine
A0051338,A005,2019,6294,2018,1538,Metal lathe machine
B0021339,B002,2019,5647,942,1539,Milling machine
A0061340,A006,2019,7821,3158,1540,Milling machine
X0031341,X003,2019,1946,126,1541,Milling machine
B0011342,B001,2019,8431,4575,1542,Metal lathe machine
A0061343,A006,2019,7572,4126,1543,Milling machine
Y0011344,Y001,2019,8807,7395,1544,Drill press
A0051345,A005,2019,6729,3997,1545,Drill press
A0051346,A005,2019,8913,3768,1546,Grinding machine
X0011347,X001,2019,9829,710,1547,Grinding machine
A0051348,A005,2019,7599,3966,1548,Grinding machine
B0021349,B002,2019,8249,5639,1549,Grinding machine
X0031350,X003,2019,4863,1910,1550,Drill press
Y0021351,Y002,2019,6994,6018,1551,Metal lathe machine
A0061352,A006,2019,7886,954,1552,Milling machine
A0061353,A006,2019,4215,117,1553,Grinding machine
X0021354,X002,2019,9594,5442,1554,Grinding machine
X0021355,X002,2019,1774,1187,1555,Milling machine
A0051356,A005,2019,6396,2038,1556,Metal lathe machine
X0011357,X001,2019,3368,2984,1557,Grinding machine
X0021358,X002,2019,2276,1988,1558,Drill press
X0011359,X001,2019,7916,1324,1559,Grinding machine
B0021360,B002,2019,6472,1059,1560,Grinding machine
Y0021361,Y002,2019,5099,1764,1561,Milling machine
A0061362,A006,2019,8074,535,1562,Metal lathe machine
A0021363,A002,2019,5358,2943,1563,Drill press
X0031364,X003,2019,1872,1105,1564,Milling machine
Y0011365,Y001,2019,1994,947,1565,Metal lathe machine
A0031366,A003,2019,7006,2206,1566,Grinding machine
A0031367,A003,2019,5574,4097,1567,Grinding machine
B0021368,B002,2019,7954,6164,1568,Drill press
A0031369,A003,2019,9860,9557,1569,Milling machine
Y0021370,Y002,2019,6426,287,1570,Metal lathe machine
A0041371,A004,2019,1935,206,1571,Milling machine
B0021372,B002,2019,44,3,1572,Metal lathe machine
B0011373,B001,2019,9568,3339,1573,Metal lathe machine
Y0011374,Y001,2019,4761,950,1574,Milling machine
Y0011375,Y001,2019,9471,1074,1575,Metal lathe machine
X0031376,X003,2019,2020,50,1576,Drill press
A0021377,A002,2019,449,322,1577,Milling machine
X0021378,X002,2019,4863,2200,1578,Grinding machine
Y0021379,Y002,2019,5313,2511,1579,Metal lathe machine
Y0021380,Y002,2019,8366,2670,1580,Grinding machine
X0031381,X003,2019,6441,5731,1581,Drill press
X0031382,X003,2019,9979,4735,1582,Metal lathe machine
A0061383,A006,2019,8875,1808,1583,Grinding machine
B0011384,B001,2019,9310,9022,1584,Milling machine
Y0021385,Y002,2019,3360,559,1585,Grinding machine
Y0021386,Y002,2019,4119,396,1586,Milling machine
X0031387,X003,2019,8054,89,1587,Metal lathe machine
A0051388,A005,2019,8674,8104,1588,Grinding machine
Y0011389,Y001,2019,7652,6702,1589,Milling machine
A0011390,A001,2019,8389,3126,1590,Grinding machine
X0011391,X001,2019,4315,3311,1591,Drill press
X0021392,X002,2019,8968,93,1592,Grinding machine
X0021393,X002,2019,1455,880,1593,Metal lathe machine
X0031394,X003,2019,4949,1834,1594,Drill press
A0021395,A002,2019,4507,8,1595,Metal lathe machine
B0011396,B001,2019,2356,1777,1596,Milling machine
B0011397,B001,2019,2732,607,1597,Metal lathe machine
A0021398,A002,2019,9472,8779,1598,Drill press
A0031399,A003,2019,9746,5053,1599,Metal lathe machine
X0031400,X003,2019,7224,5441,1600,Grinding machine
A0041401,A004,2019,368,176,1601,Milling machine
B0021402,B002,2019,8783,471,1602,Milling machine
A0061403,A006,2019,1604,1256,1603,Grinding machine
X0031404,X003,2019,9737,1978,1604,Metal lathe machine
A0031405,A003,2019,9722,346,1605,Metal lathe machine
Y0011406,Y001,2019,7789,2064,1606,Drill press
Y0021407,Y002,2019,3274,1844,1607,Drill press
A0031408,A003,2019,1901,1887,1608,Drill press
Y0011409,Y001,2019,83,81,1609,Milling machine
B0011410,B001,2019,4209,3832,1610,Grinding machine
X0011411,X001,2019,2397,1804,1611,Metal lathe machine
B0021412,B002,2019,3822,2774,1612,Drill press
A0061413,A006,2019,6351,362,1613,Grinding machine
B0021414,B002,2019,7309,3934,1614,Drill press
Y0011415,Y001,2019,6885,1099,1615,Milling machine
A0031416,A003,2019,3349,3196,1616,Grinding machine
A0031417,A003,2019,2723,1431,1617,Drill press
X0011418,X001,2019,5262,4722,1618,Metal lathe machine
A0061419,A006,2019,6302,1372,1619,Milling machine
A0021420,A002,2019,4930,4867,1620,Grinding machine
A0051421,A005,2019,7675,1877,1621,Grinding machine
A0031422,A003,2019,3835,2798,1622,Milling machine
A0061423,A006,2019,9857,4143,1623,Drill press
A0031424,A003,2019,3909,2747,1624,Drill press
A0061425,A006,2019,4110,238,1625,Grinding machine
Y0021426,Y002,2019,7966,7644,1626,Drill press
B0021427,B002,2019,1837,1277,1627,Grinding machine
B0021428,B002,2019,8690,7246,1628,Grinding machine
Y0021429,Y002,2019,9568,468,1629,Drill press
B0011430,B001,2019,4234,664,1630,Drill press
Y0011431,Y001,2019,1326,1208,1631,Grinding machine
A0031432,A003,2019,1790,1146,1632,Drill press
A0061433,A006,2019,9467,2420,1633,Metal lathe machine
B0011434,B001,2019,2334,1994,1634,Drill press
A0031435,A003,2019,4292,2567,1635,Drill press
Y0011436,Y001,2019,1271,1164,1636,Grinding machine
B0021437,B002,2019,1087,236,1637,Milling machine
A0041438,A004,2019,7473,1887,1638,Drill press
A0041439,A004,2019,7289,3535,1639,Milling machine
A0011440,A001,2019,3992,2182,1640,Grinding machine
B0021441,B002,2019,5764,2499,1641,Metal lathe machine
A0051442,A005,2019,4669,1826,1642,Metal lathe machine
X0011443,X001,2019,7080,4137,1643,Milling machine
X0011444,X001,2019,6874,3525,1644,Grinding machine
Y0011445,Y001,2019,6283,3312,1645,Metal lathe machine
A0031446,A003,2019,5019,1938,1646,Milling machine
X0031447,X003,2019,7250,6523,1647,Grinding machine
A0041448,A004,2019,276,185,1648,Metal lathe machine
Y0011449,Y001,2019,1173,250,1649,Drill press
A0031450,A003,2019,6704,1839,1650,Grinding machine
X0031451,X003,2019,4468,4449,1651,Milling machine
Y0021452,Y002,2019,3655,1501,1652,Metal lathe machine
Y0021453,Y002,2019,2395,608,1653,Grinding machine
Y0021454,Y002,2019,1206,941,1654,Milling machine
B0021455,B002,2019,3205,660,1655,Metal lathe machine
Y0021456,Y002,2019,4924,3191,1656,Grinding machine
X0031457,X003,2019,3620,970,1657,Milling machine
X0011458,X001,2019,8327,5804,1658,Drill press
X0011459,X001,2019,5230,2100,1659,Drill press
A0051460,A005,2019,7324,1955,1660,Metal lathe machine
X0011461,X001,2019,5976,1875,1661,Milling machine
Y0021462,Y002,2019,9515,9084,1662,Milling machine
Y0021463,Y002,2019,5564,3399,1663,Drill press
A0021464,A002,2019,9051,6098,1664,Drill press
B0011465,B001,2019,3098,1226,1665,Milling machine
X0021466,X002,2019,3944,2623,1666,Drill press
Y0011467,Y001,2019,9944,2063,1667,Drill press
X0031468,X003,2019,1333,993,1668,Metal lathe machine
A0041469,A004,2019,9368,29,1669,Grinding machine
A0041470,A004,2019,3018,2938,1670,Drill press
Y0011471,Y001,2019,4134,3252,1671,Milling machine
B0011472,B001,2019,756,746,1672,Metal lathe machine
A0051473,A005,2019,3182,577,1673,Drill press
B0021474,B002,2019,2451,598,1674,Milling machine
X0011475,X001,2019,5455,1619,1675,Metal lathe machine
Y0021476,Y002,2019,4339,1402,1676,Grinding machine
A0061477,A006,2019,2175,1870,1677,Grinding machine
X0031478,X003,2019,8797,637,1678,Metal lathe machine
X0031479,X003,2019,1919,272,1679,Milling machine
A0021480,A002,2019,6399,1123,1680,Metal lathe machine
Y0011481,Y001,2019,7091,3226,1681,Milling machine
A0051482,A005,2019,2281,428,1682,Metal lathe machine
X0021483,X002,2019,5521,3006,1683,Drill press
A0021484,A002,2019,866,304,1684,Drill press
A0021485,A002,2019,8015,6507,1685,Milling machine
Y0021486,Y002,2019,4590,3577,1686,Grinding machine
A0041487,A004,2019,6820,6380,1687,Drill press
Y0021488,Y002,2019,6844,3273,1688,Grinding machine
X0011489,X001,2019,1247,1072,1689,Milling machine
A0021490,A002,2019,5808,1099,1690,Metal lathe machine
X0011491,X001,2019,5753,3548,1691,Grinding machine
A0051492,A005,2019,9126,2441,1692,Metal lathe machine
X0021493,X002,2019,9612,3909,1693,Drill press
A0051494,A005,2019,4599,3537,1694,Grinding machine
Y0011495,Y001,2019,524,145,1695,Grinding machine
X0011496,X001,2019,3704,2364,1696,Grinding machine
A0051497,A005,2019,1299,801,1697,Milling machine
A0031498,A003,2019,3940,2372,1698,Milling machine
A0041499,A004,2019,9750,8314,1699,Metal lathe machine
X0011500,X001,2019,897,104,1700,Grinding machine
X0031501,X003,2019,1142,526,1701,Grinding machine
X0011502,X001,2019,6772,137,1702,Drill press
A0051503,A005,2019,1596,156,1703,Drill press
A0021504,A002,2019,1561,245,1704,Drill press
B0021505,B002,2019,2879,545,1705,Metal lathe machine
A0061506,A006,2019,387,279,1706,Drill press
A0041507,A004,2019,7564,7335,1707,Milling machine
A0051508,A005,2019,341,294,1708,Milling machine
A0031509,A003,2019,6098,3359,1709,Grinding machine
A0041510,A004,2019,7865,752,1710,Drill press
X0031511,X003,2019,7285,1803,1711,Drill press
B0011512,B001,2019,8671,991,1712,Grinding machine
Y0021513,Y002,2019,4637,530,1713,Drill press
B0021514,B002,2019,3587,1719,1714,Milling machine
A0021515,A002,2019,8774,1377,1715,Drill press
Y0011516,Y001,2019,5433,1473,1716,Drill press
X0021517,X002,2019,5719,4611,1717,Metal lathe machine
X0021518,X002,2019,4500,1129,1718,Drill press
A0021519,A002,2019,5395,2886,1719,Metal lathe machine
A0011520,A001,2019,4905,1205,1720,Drill press
A0021521,A002,2019,4197,3800,1721,Grinding machine
Y0021522,Y002,2019,8444,7429,1722,Drill press
B0011523,B001,2019,9337,1677,1723,Metal lathe machine
A0041524,A004,2019,9659,3472,1724,Milling machine
A0051525,A005,2019,5857,2322,1725,Grinding machine
B0011526,B001,2019,9806,9359,1726,Drill press
A0011527,A001,2019,7750,1709,1727,Milling machine
A0061528,A006,2019,2387,1330,1728,Milling machine
Y0021529,Y002,2019,4974,356,1729,Drill press
Y0021530,Y002,2019,957,758,1730,Drill press
Y0011531,Y001,2019,3167,1540,1731,Metal lathe machine
Y0011532,Y001,2019,7382,4350,1732,Drill press
A0031533,A003,2019,6190,1449,1733,Metal lathe machine
A0041534,A004,2019,9748,4779,1734,Metal lathe machine
Y0021535,Y002,2019,3177,1947,1735,Metal lathe machine
X0031536,X003,2019,5805,2091,1736,Milling machine
A0061537,A006,2019,2071,967,1737,Drill press
Y0011538,Y001,2019,8402,7017,1738,Drill press
A0061539,A006,2019,1785,37,1739,Drill press
A0051540,A005,2019,4492,1846,1740,Milling machine
A0041541,A004,2019,1934,1508,1741,Grinding machine
A0041542,A004,2019,1028,238,1742,Drill press
B0011543,B001,2019,7086,203,1743,Milling machine
A0051544,A005,2019,6938,2432,1744,Metal lathe machine
A0051545,A005,2019,5035,4872,1745,Milling machine
X0031546,X003,2019,4519,1574,1746,Milling machine
X0031547,X003,2019,1110,237,1747,Drill press
A0021548,A002,2019,267,240,1748,Grinding machine
Y0011549,Y001,2019,9060,5452,1749,Drill press
B0021550,B002,2019,7714,1166,1750,Milling machine
A0061551,A006,2019,963,219,1751,Milling machine
A0021552,A002,2019,1407,470,1752,Milling machine
X0021553,X002,2019,831,307,1753,Drill press
X0011554,X001,2019,7715,1358,1754,Drill press
X0011555,X001,2019,6217,207,1755,Grinding machine
A0051556,A005,2019,6608,4421,1756,Drill press
B0011557,B001,2019,9212,1505,1757,Grinding machine
X0031558,X003,2019,4710,3321,1758,Metal lathe machine
A0031559,A003,2019,6277,433,1759,Drill press
A0051560,A005,2019,8653,2972,1760,Metal lathe machine
Y0021561,Y002,2019,1960,1528,1761,Grinding machine
A0051562,A005,2019,7349,5176,1762,Milling machine
A0031563,A003,2019,4733,1520,1763,Metal lathe machine
Y0021564,Y002,2019,8140,3371,1764,Milling machine
B0021565,B002,2019,4616,124,1765,Drill press
X0021566,X002,2019,3805,2506,1766,Milling machine
B0011567,B001,2019,2216,1487,1767,Grinding machine
X0011568,X001,2019,691,656,1768,Milling machine
Y0011569,Y001,2019,6035,2584,1769,Metal lathe machine
B0011570,B001,2019,5347,5089,1770,Milling machine
A0021571,A002,2019,8611,5030,1771,Metal lathe machine
X0011572,X001,2019,7366,7123,1772,Drill press
X0031573,X003,2019,206,52,1773,Milling machine
A0021574,A002,2019,529,56,1774,Milling machine
A0011575,A001,2019,3156,2988,1775,Milling machine
A0051576,A005,2019,3114,2115,1776,Milling machine
A0041577,A004,2019,5876,4550,1777,Drill press
Y0021578,Y002,2019,9479,2011,1778,Drill press
A0061579,A006,2019,3255,3132,1779,Milling machine
A0051580,A005,2019,7660,7319,1780,Milling machine
A0011581,A001,2019,5688,3902,1781,Drill press
B0011582,B001,2019,4223,4038,1782,Drill press
B0011583,B001,2019,2195,447,1783,Milling machine
X0011584,X001,2019,8055,2834,1784,Drill press
Y0011585,Y001,2019,8918,4031,1785,Milling machine
A0021586,A002,2019,5369,2665,1786,Drill press
A0011587,A001,2019,3304,1389,1787,Grinding machine
B0021588,B002,2019,7629,5721,1788,Drill press
Y0021589,Y002,2019,4336,1561,1789,Metal lathe machine
X0021590,X002,2019,4283,3411,1790,Grinding machine
X0011591,X001,2019,17,5,1791,Milling machine
X0011592,X001,2019,3611,948,1792,Drill press
B0021593,B002,2019,3471,2853,1793,Grinding machine
B0021594,B002,2019,8724,6761,1794,Metal lathe machine
B0011595,B001,2019,2739,1312,1795,Milling machine
X0011596,X001,2019,7517,1290,1796,Grinding machine
B0011597,B001,2019,9998,9614,1797,Grinding machine
X0021598,X002,2019,3898,3337,1798,Grinding machine
B0011599,B001,2019,471,119,1799,Grinding machine
